-- MySQL dump 10.13  Distrib 8.0.31, for Win64 (x86_64)
--
-- Host: 127.0.0.1    Database: metro_cdmx
-- ------------------------------------------------------
-- Server version	8.0.31

/*!40101 SET @OLD_CHARACTER_SET_CLIENT=@@CHARACTER_SET_CLIENT */;
/*!40101 SET @OLD_CHARACTER_SET_RESULTS=@@CHARACTER_SET_RESULTS */;
/*!40101 SET @OLD_COLLATION_CONNECTION=@@COLLATION_CONNECTION */;
/*!50503 SET NAMES utf8 */;
/*!40103 SET @OLD_TIME_ZONE=@@TIME_ZONE */;
/*!40103 SET TIME_ZONE='+00:00' */;
/*!40014 SET @OLD_UNIQUE_CHECKS=@@UNIQUE_CHECKS, UNIQUE_CHECKS=0 */;
/*!40014 SET @OLD_FOREIGN_KEY_CHECKS=@@FOREIGN_KEY_CHECKS, FOREIGN_KEY_CHECKS=0 */;
/*!40101 SET @OLD_SQL_MODE=@@SQL_MODE, SQL_MODE='NO_AUTO_VALUE_ON_ZERO' */;
/*!40111 SET @OLD_SQL_NOTES=@@SQL_NOTES, SQL_NOTES=0 */;

--
-- Table structure for table `active_drivers`
--

DROP TABLE IF EXISTS `active_drivers`;
/*!40101 SET @saved_cs_client     = @@character_set_client */;
/*!50503 SET character_set_client = utf8mb4 */;
CREATE TABLE `active_drivers` (
  `id` bigint unsigned NOT NULL AUTO_INCREMENT,
  `driver_id` bigint unsigned NOT NULL,
  `created_at` timestamp NOT NULL DEFAULT CURRENT_TIMESTAMP,
  `updated_at` timestamp NOT NULL DEFAULT CURRENT_TIMESTAMP,
  PRIMARY KEY (`id`)
) ENGINE=InnoDB AUTO_INCREMENT=3 DEFAULT CHARSET=utf8mb4 COLLATE=utf8mb4_unicode_ci;
/*!40101 SET character_set_client = @saved_cs_client */;

--
-- Dumping data for table `active_drivers`
--

LOCK TABLES `active_drivers` WRITE;
/*!40000 ALTER TABLE `active_drivers` DISABLE KEYS */;
INSERT INTO `active_drivers` VALUES (1,1,'2022-11-04 18:52:05','2022-11-04 18:52:05'),(2,2,'2022-11-04 18:52:05','2022-11-04 18:52:05');
/*!40000 ALTER TABLE `active_drivers` ENABLE KEYS */;
UNLOCK TABLES;

--
-- Table structure for table `drivers`
--

DROP TABLE IF EXISTS `drivers`;
/*!40101 SET @saved_cs_client     = @@character_set_client */;
/*!50503 SET character_set_client = utf8mb4 */;
CREATE TABLE `drivers` (
  `driver_id` bigint unsigned NOT NULL AUTO_INCREMENT,
  `name` varchar(20) CHARACTER SET utf8mb4 COLLATE utf8mb4_unicode_ci DEFAULT NULL,
  `status` tinyint(1) NOT NULL DEFAULT '0',
  `created_at` timestamp NOT NULL DEFAULT CURRENT_TIMESTAMP,
  `updated_at` timestamp NOT NULL DEFAULT CURRENT_TIMESTAMP,
  PRIMARY KEY (`driver_id`)
) ENGINE=InnoDB AUTO_INCREMENT=6 DEFAULT CHARSET=utf8mb4 COLLATE=utf8mb4_unicode_ci;
/*!40101 SET character_set_client = @saved_cs_client */;

--
-- Dumping data for table `drivers`
--

LOCK TABLES `drivers` WRITE;
/*!40000 ALTER TABLE `drivers` DISABLE KEYS */;
INSERT INTO `drivers` VALUES (1,'Pedro',1,'2022-10-30 07:04:18','2022-10-30 07:04:18'),(2,'Pablo',1,'2022-10-30 07:04:18','2022-10-30 07:04:18'),(3,'Jos√©',0,'2022-10-30 07:04:18','2022-10-30 07:04:18'),(4,'Mar√≠a',0,'2022-10-30 07:04:18','2022-10-30 07:04:18'),(5,'Amanda',0,'2022-10-30 07:04:18','2022-10-30 07:04:18');
/*!40000 ALTER TABLE `drivers` ENABLE KEYS */;
UNLOCK TABLES;

--
-- Table structure for table `lines`
--

DROP TABLE IF EXISTS `lines`;
/*!40101 SET @saved_cs_client     = @@character_set_client */;
/*!50503 SET character_set_client = utf8mb4 */;
CREATE TABLE `lines` (
  `id` bigint unsigned NOT NULL AUTO_INCREMENT,
  `name` varchar(10) CHARACTER SET utf8mb4 COLLATE utf8mb4_unicode_ci NOT NULL,
  `color` varchar(15) CHARACTER SET utf8mb4 COLLATE utf8mb4_unicode_ci NOT NULL,
  `created_at` timestamp NOT NULL DEFAULT CURRENT_TIMESTAMP,
  `updated_at` timestamp NOT NULL DEFAULT CURRENT_TIMESTAMP,
  PRIMARY KEY (`id`)
) ENGINE=InnoDB AUTO_INCREMENT=13 DEFAULT CHARSET=utf8mb4 COLLATE=utf8mb4_unicode_ci;
/*!40101 SET character_set_client = @saved_cs_client */;

--
-- Dumping data for table `lines`
--

LOCK TABLES `lines` WRITE;
/*!40000 ALTER TABLE `lines` DISABLE KEYS */;
INSERT INTO `lines` VALUES (1,'L√≠nea 1','Rosa','2022-10-30 04:45:48','2022-10-30 04:45:48'),(2,'L√≠nea 2','Azul','2022-10-30 04:45:48','2022-10-30 04:45:48'),(3,'L√≠nea 3','Verde olivo','2022-10-30 04:45:48','2022-10-30 04:45:48'),(4,'L√≠nea 4','Cian','2022-10-30 04:45:48','2022-10-30 04:45:48'),(5,'L√≠nea 5','Amarillo','2022-10-30 04:45:48','2022-10-30 04:45:48'),(6,'L√≠nea 6','Rojo','2022-10-30 04:45:48','2022-10-30 04:45:48'),(7,'L√≠nea 7','Naranja','2022-10-30 04:45:48','2022-10-30 04:45:48'),(8,'L√≠nea 8','Verder','2022-10-30 04:45:48','2022-10-30 04:45:48'),(9,'L√≠nea 9','Caf√©','2022-10-30 04:45:48','2022-10-30 04:45:48'),(10,'L√≠nea A','Morado','2022-10-30 04:45:48','2022-10-30 04:45:48'),(11,'L√≠nea B','Verde y gris','2022-10-30 04:45:48','2022-10-30 04:45:48'),(12,'L√≠nea 12','Oro','2022-10-30 04:45:48','2022-10-30 04:45:48');
/*!40000 ALTER TABLE `lines` ENABLE KEYS */;
UNLOCK TABLES;

--
-- Table structure for table `lines_stations`
--

DROP TABLE IF EXISTS `lines_stations`;
/*!40101 SET @saved_cs_client     = @@character_set_client */;
/*!50503 SET character_set_client = utf8mb4 */;
CREATE TABLE `lines_stations` (
  `id` bigint unsigned NOT NULL AUTO_INCREMENT,
  `line_id` bigint unsigned NOT NULL,
  `station_id` bigint unsigned NOT NULL,
  `created_at` timestamp NOT NULL DEFAULT CURRENT_TIMESTAMP,
  `updated_at` timestamp NOT NULL DEFAULT CURRENT_TIMESTAMP,
  PRIMARY KEY (`id`),
  KEY `lines_stations_line_id_foreign` (`line_id`),
  KEY `lines_stations_station_id_foreign` (`station_id`),
  CONSTRAINT `lines_stations_line_id_foreign` FOREIGN KEY (`line_id`) REFERENCES `lines` (`id`),
  CONSTRAINT `lines_stations_station_id_foreign` FOREIGN KEY (`station_id`) REFERENCES `stations` (`id`)
) ENGINE=InnoDB AUTO_INCREMENT=391 DEFAULT CHARSET=utf8mb4 COLLATE=utf8mb4_unicode_ci;
/*!40101 SET character_set_client = @saved_cs_client */;

--
-- Dumping data for table `lines_stations`
--

LOCK TABLES `lines_stations` WRITE;
/*!40000 ALTER TABLE `lines_stations` DISABLE KEYS */;
INSERT INTO `lines_stations` VALUES (1,9,1,'2022-10-30 05:32:34','2022-10-30 05:32:34'),(2,6,2,'2022-10-30 05:32:34','2022-10-30 05:32:34'),(3,10,3,'2022-10-30 05:32:34','2022-10-30 05:32:34'),(4,2,4,'2022-10-30 05:32:34','2022-10-30 05:32:34'),(5,6,5,'2022-10-30 05:32:34','2022-10-30 05:32:34'),(6,4,6,'2022-10-30 05:32:34','2022-10-30 05:32:34'),(7,11,7,'2022-10-30 05:32:34','2022-10-30 05:32:34'),(8,6,8,'2022-10-30 05:32:34','2022-10-30 05:32:34'),(9,11,9,'2022-10-30 05:32:34','2022-10-30 05:32:34'),(10,2,10,'2022-10-30 05:32:34','2022-10-30 05:32:34'),(11,1,11,'2022-10-30 05:32:34','2022-10-30 05:32:34'),(12,12,12,'2022-10-30 05:32:34','2022-10-30 05:32:34'),(13,8,13,'2022-10-30 05:32:34','2022-10-30 05:32:34'),(14,3,14,'2022-10-30 05:32:34','2022-10-30 05:32:34'),(15,7,4,'2022-10-30 05:32:34','2022-10-30 05:32:34'),(16,4,15,'2022-10-30 05:32:34','2022-10-30 05:32:34'),(17,5,16,'2022-10-30 05:32:34','2022-10-30 05:32:34'),(18,11,17,'2022-10-30 05:32:34','2022-10-30 05:32:34'),(19,12,18,'2022-10-30 05:32:34','2022-10-30 05:32:34'),(20,3,19,'2022-10-30 05:32:34','2022-10-30 05:32:34'),(21,12,20,'2022-10-30 05:32:34','2022-10-30 05:32:34'),(22,3,21,'2022-10-30 05:32:34','2022-10-30 05:32:34'),(23,8,22,'2022-10-30 05:32:34','2022-10-30 05:32:34'),(24,1,23,'2022-10-30 05:32:34','2022-10-30 05:32:34'),(25,9,24,'2022-10-30 05:32:34','2022-10-30 05:32:34'),(26,11,25,'2022-10-30 05:32:34','2022-10-30 05:32:34'),(27,3,26,'2022-10-30 05:32:34','2022-10-30 05:32:34'),(28,2,27,'2022-10-30 05:32:34','2022-10-30 05:32:34'),(29,7,28,'2022-10-30 05:32:34','2022-10-30 05:32:34'),(30,3,29,'2022-10-30 05:32:34','2022-10-30 05:32:34'),(31,6,30,'2022-10-30 05:32:34','2022-10-30 05:32:34'),(32,8,31,'2022-10-30 05:32:34','2022-10-30 05:32:34'),(33,8,32,'2022-10-30 05:32:34','2022-10-30 05:32:34'),(34,3,33,'2022-10-30 05:32:34','2022-10-30 05:32:34'),(35,2,34,'2022-10-30 05:32:34','2022-10-30 05:32:34'),(36,6,35,'2022-10-30 05:32:34','2022-10-30 05:32:34'),(37,11,36,'2022-10-30 05:32:34','2022-10-30 05:32:34'),(38,12,37,'2022-10-30 05:32:34','2022-10-30 05:32:34'),(39,4,38,'2022-10-30 05:32:34','2022-10-30 05:32:34'),(40,11,39,'2022-10-30 05:32:34','2022-10-30 05:32:34'),(41,8,40,'2022-10-30 05:32:34','2022-10-30 05:32:34'),(42,9,41,'2022-10-30 05:32:34','2022-10-30 05:32:34'),(43,3,42,'2022-10-30 05:32:34','2022-10-30 05:32:34'),(44,1,43,'2022-10-30 05:32:34','2022-10-30 05:32:34'),(45,9,34,'2022-10-30 05:32:34','2022-10-30 05:32:34'),(46,8,44,'2022-10-30 05:32:34','2022-10-30 05:32:34'),(47,1,45,'2022-10-30 05:32:34','2022-10-30 05:32:34'),(48,10,46,'2022-10-30 05:32:34','2022-10-30 05:32:34'),(49,11,47,'2022-10-30 05:32:34','2022-10-30 05:32:34'),(50,1,48,'2022-10-30 05:32:34','2022-10-30 05:32:34'),(51,2,49,'2022-10-30 05:32:34','2022-10-30 05:32:34'),(52,3,50,'2022-10-30 05:32:34','2022-10-30 05:32:34'),(53,1,51,'2022-10-30 05:32:34','2022-10-30 05:32:34'),(54,5,52,'2022-10-30 05:32:34','2022-10-30 05:32:34'),(55,9,38,'2022-10-30 05:32:34','2022-10-30 05:32:34'),(56,7,53,'2022-10-30 05:32:34','2022-10-30 05:32:34'),(57,11,54,'2022-10-30 05:32:34','2022-10-30 05:32:34'),(58,11,55,'2022-10-30 05:32:34','2022-10-30 05:32:34'),(59,2,56,'2022-10-30 05:32:34','2022-10-30 05:32:34'),(60,2,57,'2022-10-30 05:32:34','2022-10-30 05:32:34'),(61,9,58,'2022-10-30 05:32:34','2022-10-30 05:32:34'),(62,10,59,'2022-10-30 05:32:34','2022-10-30 05:32:34'),(63,2,60,'2022-10-30 05:32:34','2022-10-30 05:32:34'),(64,2,61,'2022-10-30 05:32:34','2022-10-30 05:32:34'),(65,4,62,'2022-10-30 05:32:34','2022-10-30 05:32:34'),(66,11,63,'2022-10-30 05:32:34','2022-10-30 05:32:34'),(67,1,64,'2022-10-30 05:32:34','2022-10-30 05:32:34'),(68,2,65,'2022-10-30 05:32:34','2022-10-30 05:32:34'),(69,5,66,'2022-10-30 05:32:34','2022-10-30 05:32:34'),(70,6,67,'2022-10-30 05:32:34','2022-10-30 05:32:34'),(71,12,22,'2022-10-30 05:32:34','2022-10-30 05:32:34'),(72,7,68,'2022-10-30 05:32:34','2022-10-30 05:32:34'),(73,12,69,'2022-10-30 05:32:34','2022-10-30 05:32:34'),(74,8,6,'2022-10-30 05:32:34','2022-10-30 05:32:34'),(75,6,30,'2022-10-30 05:32:34','2022-10-30 05:32:34'),(76,7,70,'2022-10-30 05:32:34','2022-10-30 05:32:34'),(77,3,71,'2022-10-30 05:32:34','2022-10-30 05:32:34'),(78,3,72,'2022-10-30 05:32:34','2022-10-30 05:32:34'),(79,4,73,'2022-10-30 05:32:34','2022-10-30 05:32:34'),(80,12,65,'2022-10-30 05:32:34','2022-10-30 05:32:34'),(81,1,3,'2022-10-30 05:32:34','2022-10-30 05:32:34'),(82,9,74,'2022-10-30 05:32:34','2022-10-30 05:32:34'),(83,1,75,'2022-10-30 05:32:34','2022-10-30 05:32:34'),(84,10,76,'2022-10-30 05:32:34','2022-10-30 05:32:34'),(85,5,77,'2022-10-30 05:32:34','2022-10-30 05:32:34'),(86,12,78,'2022-10-30 05:32:34','2022-10-30 05:32:34'),(87,8,34,'2022-10-30 05:32:34','2022-10-30 05:32:34'),(88,4,79,'2022-10-30 05:32:34','2022-10-30 05:32:34'),(89,7,80,'2022-10-30 05:32:34','2022-10-30 05:32:34'),(90,8,81,'2022-10-30 05:32:34','2022-10-30 05:32:34'),(91,11,82,'2022-10-30 05:32:34','2022-10-30 05:32:34'),(92,12,83,'2022-10-30 05:32:34','2022-10-30 05:32:34'),(93,5,84,'2022-10-30 05:32:34','2022-10-30 05:32:34'),(94,12,85,'2022-10-30 05:32:34','2022-10-30 05:32:34'),(95,11,86,'2022-10-30 05:32:34','2022-10-30 05:32:34'),(96,7,87,'2022-10-30 05:32:34','2022-10-30 05:32:34'),(97,12,88,'2022-10-30 05:32:34','2022-10-30 05:32:34'),(98,12,89,'2022-10-30 05:32:34','2022-10-30 05:32:34'),(99,3,90,'2022-10-30 05:32:34','2022-10-30 05:32:34'),(100,2,90,'2022-10-30 05:32:34','2022-10-30 05:32:34'),(101,3,91,'2022-10-30 05:32:34','2022-10-30 05:32:34'),(102,11,92,'2022-10-30 05:32:34','2022-10-30 05:32:34'),(103,11,93,'2022-10-30 05:32:34','2022-10-30 05:32:34'),(104,3,67,'2022-10-30 05:32:34','2022-10-30 05:32:34'),(105,4,94,'2022-10-30 05:32:34','2022-10-30 05:32:34'),(106,7,95,'2022-10-30 05:32:34','2022-10-30 05:32:34'),(107,2,96,'2022-10-30 05:32:34','2022-10-30 05:32:34'),(108,8,97,'2022-10-30 05:32:34','2022-10-30 05:32:34'),(109,2,98,'2022-10-30 05:32:34','2022-10-30 05:32:34'),(110,6,99,'2022-10-30 05:32:34','2022-10-30 05:32:34'),(111,9,3,'2022-10-30 05:32:34','2022-10-30 05:32:34'),(112,4,47,'2022-10-30 05:32:34','2022-10-30 05:32:34'),(113,8,100,'2022-10-30 05:32:34','2022-10-30 05:32:34'),(114,10,101,'2022-10-30 05:32:34','2022-10-30 05:32:34'),(115,8,102,'2022-10-30 05:32:34','2022-10-30 05:32:34'),(116,3,43,'2022-10-30 05:32:34','2022-10-30 05:32:34'),(117,5,103,'2022-10-30 05:32:34','2022-10-30 05:32:34'),(118,10,104,'2022-10-30 05:32:34','2022-10-30 05:32:34'),(119,2,105,'2022-10-30 05:32:34','2022-10-30 05:32:34'),(120,7,106,'2022-10-30 05:32:34','2022-10-30 05:32:34'),(121,12,107,'2022-10-30 05:32:34','2022-10-30 05:32:34'),(122,11,108,'2022-10-30 05:32:34','2022-10-30 05:32:34'),(123,5,109,'2022-10-30 05:32:34','2022-10-30 05:32:34'),(124,8,110,'2022-10-30 05:32:34','2022-10-30 05:32:34'),(125,3,111,'2022-10-30 05:32:34','2022-10-30 05:32:34'),(126,6,112,'2022-10-30 05:32:34','2022-10-30 05:32:34'),(127,6,113,'2022-10-30 05:32:34','2022-10-30 05:32:34'),(128,7,114,'2022-10-30 05:32:34','2022-10-30 05:32:34'),(129,8,108,'2022-10-30 05:32:34','2022-10-30 05:32:34'),(130,7,115,'2022-10-30 05:32:34','2022-10-30 05:32:34'),(131,12,115,'2022-10-30 05:32:34','2022-10-30 05:32:34'),(132,5,116,'2022-10-30 05:32:34','2022-10-30 05:32:34'),(133,6,70,'2022-10-30 05:32:34','2022-10-30 05:32:34'),(134,5,39,'2022-10-30 05:32:34','2022-10-30 05:32:34'),(135,12,117,'2022-10-30 05:32:34','2022-10-30 05:32:34'),(136,2,102,'2022-10-30 05:32:34','2022-10-30 05:32:34'),(137,8,118,'2022-10-30 05:32:34','2022-10-30 05:32:34'),(138,9,119,'2022-10-30 05:32:34','2022-10-30 05:32:34'),(139,1,120,'2022-10-30 05:32:34','2022-10-30 05:32:34'),(140,8,121,'2022-10-30 05:32:34','2022-10-30 05:32:34'),(141,8,122,'2022-10-30 05:32:34','2022-10-30 05:32:34'),(142,10,123,'2022-10-30 05:32:34','2022-10-30 05:32:34'),(143,12,124,'2022-10-30 05:32:34','2022-10-30 05:32:34'),(144,1,114,'2022-10-30 05:32:34','2022-10-30 05:32:34'),(145,2,125,'2022-10-30 05:32:34','2022-10-30 05:32:34'),(146,11,126,'2022-10-30 05:32:34','2022-10-30 05:32:34'),(147,3,127,'2022-10-30 05:32:34','2022-10-30 05:32:34'),(148,1,128,'2022-10-30 05:32:34','2022-10-30 05:32:34'),(149,2,129,'2022-10-30 05:32:34','2022-10-30 05:32:34'),(150,3,130,'2022-10-30 05:32:34','2022-10-30 05:32:34'),(151,6,131,'2022-10-30 05:32:34','2022-10-30 05:32:34'),(152,12,132,'2022-10-30 05:32:34','2022-10-30 05:32:34'),(153,1,133,'2022-10-30 05:32:34','2022-10-30 05:32:34'),(154,2,134,'2022-10-30 05:32:34','2022-10-30 05:32:34'),(155,5,135,'2022-10-30 05:32:34','2022-10-30 05:32:34'),(156,1,79,'2022-10-30 05:32:34','2022-10-30 05:32:34'),(157,7,136,'2022-10-30 05:32:34','2022-10-30 05:32:34'),(158,3,137,'2022-10-30 05:32:34','2022-10-30 05:32:34'),(159,11,138,'2022-10-30 05:32:34','2022-10-30 05:32:34'),(160,12,139,'2022-10-30 05:32:34','2022-10-30 05:32:34'),(161,1,86,'2022-10-30 05:32:34','2022-10-30 05:32:34'),(162,10,140,'2022-10-30 05:32:34','2022-10-30 05:32:34'),(163,2,141,'2022-10-30 05:32:34','2022-10-30 05:32:34'),(164,1,142,'2022-10-30 05:32:34','2022-10-30 05:32:34'),(165,9,42,'2022-10-30 05:32:34','2022-10-30 05:32:34'),(166,5,94,'2022-10-30 05:32:34','2022-10-30 05:32:34'),(167,1,125,'2022-10-30 05:32:34','2022-10-30 05:32:34'),(168,1,44,'2022-10-30 05:32:34','2022-10-30 05:32:34'),(169,7,143,'2022-10-30 05:32:34','2022-10-30 05:32:34'),(170,7,144,'2022-10-30 05:32:34','2022-10-30 05:32:34'),(171,2,145,'2022-10-30 05:32:34','2022-10-30 05:32:34'),(172,11,146,'2022-10-30 05:32:34','2022-10-30 05:32:34'),(173,11,71,'2022-10-30 05:32:34','2022-10-30 05:32:34'),(174,12,147,'2022-10-30 05:32:34','2022-10-30 05:32:34'),(175,12,50,'2022-10-30 05:32:34','2022-10-30 05:32:34'),(176,3,148,'2022-10-30 05:32:34','2022-10-30 05:32:34'),(177,8,149,'2022-10-30 05:32:34','2022-10-30 05:32:34'),(178,4,150,'2022-10-30 05:32:34','2022-10-30 05:32:34'),(179,10,151,'2022-10-30 05:32:34','2022-10-30 05:32:34'),(180,5,3,'2022-10-30 05:32:34','2022-10-30 05:32:34'),(181,2,152,'2022-10-30 05:32:34','2022-10-30 05:32:34'),(182,8,153,'2022-10-30 05:32:34','2022-10-30 05:32:34'),(183,11,154,'2022-10-30 05:32:34','2022-10-30 05:32:34'),(184,2,155,'2022-10-30 05:32:34','2022-10-30 05:32:34'),(185,10,156,'2022-10-30 05:32:34','2022-10-30 05:32:34'),(186,3,157,'2022-10-30 05:32:34','2022-10-30 05:32:34'),(187,2,158,'2022-10-30 05:32:34','2022-10-30 05:32:34'),(188,9,159,'2022-10-30 05:32:34','2022-10-30 05:32:34'),(189,2,160,'2022-10-30 05:32:34','2022-10-30 05:32:34'),(190,4,5,'2022-10-30 05:32:34','2022-10-30 05:32:34'),(191,3,52,'2022-10-30 05:32:34','2022-10-30 05:32:34'),(192,1,161,'2022-10-30 05:32:34','2022-10-30 05:32:34'),(193,11,162,'2022-10-30 05:32:34','2022-10-30 05:32:34'),(194,1,163,'2022-10-30 05:32:34','2022-10-30 05:32:34'),(195,9,114,'2022-10-30 05:32:34','2022-10-30 05:32:34'),(196,9,1,'2022-10-30 05:33:22','2022-10-30 05:33:22'),(197,6,2,'2022-10-30 05:33:22','2022-10-30 05:33:22'),(198,10,3,'2022-10-30 05:33:22','2022-10-30 05:33:22'),(199,2,4,'2022-10-30 05:33:22','2022-10-30 05:33:22'),(200,6,5,'2022-10-30 05:33:22','2022-10-30 05:33:22'),(201,4,6,'2022-10-30 05:33:22','2022-10-30 05:33:22'),(202,11,7,'2022-10-30 05:33:22','2022-10-30 05:33:22'),(203,6,8,'2022-10-30 05:33:22','2022-10-30 05:33:22'),(204,11,9,'2022-10-30 05:33:22','2022-10-30 05:33:22'),(205,2,10,'2022-10-30 05:33:22','2022-10-30 05:33:22'),(206,1,11,'2022-10-30 05:33:22','2022-10-30 05:33:22'),(207,12,12,'2022-10-30 05:33:22','2022-10-30 05:33:22'),(208,8,13,'2022-10-30 05:33:22','2022-10-30 05:33:22'),(209,3,14,'2022-10-30 05:33:22','2022-10-30 05:33:22'),(210,7,4,'2022-10-30 05:33:22','2022-10-30 05:33:22'),(211,4,15,'2022-10-30 05:33:22','2022-10-30 05:33:22'),(212,5,16,'2022-10-30 05:33:22','2022-10-30 05:33:22'),(213,11,17,'2022-10-30 05:33:22','2022-10-30 05:33:22'),(214,12,18,'2022-10-30 05:33:22','2022-10-30 05:33:22'),(215,3,19,'2022-10-30 05:33:22','2022-10-30 05:33:22'),(216,12,20,'2022-10-30 05:33:22','2022-10-30 05:33:22'),(217,3,21,'2022-10-30 05:33:22','2022-10-30 05:33:22'),(218,8,22,'2022-10-30 05:33:22','2022-10-30 05:33:22'),(219,1,23,'2022-10-30 05:33:22','2022-10-30 05:33:22'),(220,9,24,'2022-10-30 05:33:22','2022-10-30 05:33:22'),(221,11,25,'2022-10-30 05:33:22','2022-10-30 05:33:22'),(222,3,26,'2022-10-30 05:33:22','2022-10-30 05:33:22'),(223,2,27,'2022-10-30 05:33:22','2022-10-30 05:33:22'),(224,7,28,'2022-10-30 05:33:22','2022-10-30 05:33:22'),(225,3,29,'2022-10-30 05:33:22','2022-10-30 05:33:22'),(226,6,30,'2022-10-30 05:33:22','2022-10-30 05:33:22'),(227,8,31,'2022-10-30 05:33:22','2022-10-30 05:33:22'),(228,8,32,'2022-10-30 05:33:22','2022-10-30 05:33:22'),(229,3,33,'2022-10-30 05:33:22','2022-10-30 05:33:22'),(230,2,34,'2022-10-30 05:33:22','2022-10-30 05:33:22'),(231,6,35,'2022-10-30 05:33:22','2022-10-30 05:33:22'),(232,11,36,'2022-10-30 05:33:22','2022-10-30 05:33:22'),(233,12,37,'2022-10-30 05:33:22','2022-10-30 05:33:22'),(234,4,38,'2022-10-30 05:33:22','2022-10-30 05:33:22'),(235,11,39,'2022-10-30 05:33:22','2022-10-30 05:33:22'),(236,8,40,'2022-10-30 05:33:22','2022-10-30 05:33:22'),(237,9,41,'2022-10-30 05:33:22','2022-10-30 05:33:22'),(238,3,42,'2022-10-30 05:33:22','2022-10-30 05:33:22'),(239,1,43,'2022-10-30 05:33:22','2022-10-30 05:33:22'),(240,9,34,'2022-10-30 05:33:22','2022-10-30 05:33:22'),(241,8,44,'2022-10-30 05:33:22','2022-10-30 05:33:22'),(242,1,45,'2022-10-30 05:33:22','2022-10-30 05:33:22'),(243,10,46,'2022-10-30 05:33:22','2022-10-30 05:33:22'),(244,11,47,'2022-10-30 05:33:22','2022-10-30 05:33:22'),(245,1,48,'2022-10-30 05:33:22','2022-10-30 05:33:22'),(246,2,49,'2022-10-30 05:33:22','2022-10-30 05:33:22'),(247,3,50,'2022-10-30 05:33:22','2022-10-30 05:33:22'),(248,1,51,'2022-10-30 05:33:22','2022-10-30 05:33:22'),(249,5,52,'2022-10-30 05:33:22','2022-10-30 05:33:22'),(250,9,38,'2022-10-30 05:33:22','2022-10-30 05:33:22'),(251,7,53,'2022-10-30 05:33:22','2022-10-30 05:33:22'),(252,11,54,'2022-10-30 05:33:22','2022-10-30 05:33:22'),(253,11,55,'2022-10-30 05:33:22','2022-10-30 05:33:22'),(254,2,56,'2022-10-30 05:33:22','2022-10-30 05:33:22'),(255,2,57,'2022-10-30 05:33:22','2022-10-30 05:33:22'),(256,9,58,'2022-10-30 05:33:22','2022-10-30 05:33:22'),(257,10,59,'2022-10-30 05:33:22','2022-10-30 05:33:22'),(258,2,60,'2022-10-30 05:33:22','2022-10-30 05:33:22'),(259,2,61,'2022-10-30 05:33:22','2022-10-30 05:33:22'),(260,4,62,'2022-10-30 05:33:22','2022-10-30 05:33:22'),(261,11,63,'2022-10-30 05:33:22','2022-10-30 05:33:22'),(262,1,64,'2022-10-30 05:33:22','2022-10-30 05:33:22'),(263,2,65,'2022-10-30 05:33:22','2022-10-30 05:33:22'),(264,5,66,'2022-10-30 05:33:22','2022-10-30 05:33:22'),(265,6,67,'2022-10-30 05:33:22','2022-10-30 05:33:22'),(266,12,22,'2022-10-30 05:33:22','2022-10-30 05:33:22'),(267,7,68,'2022-10-30 05:33:22','2022-10-30 05:33:22'),(268,12,69,'2022-10-30 05:33:22','2022-10-30 05:33:22'),(269,8,6,'2022-10-30 05:33:22','2022-10-30 05:33:22'),(270,6,30,'2022-10-30 05:33:22','2022-10-30 05:33:22'),(271,7,70,'2022-10-30 05:33:22','2022-10-30 05:33:22'),(272,3,71,'2022-10-30 05:33:22','2022-10-30 05:33:22'),(273,3,72,'2022-10-30 05:33:22','2022-10-30 05:33:22'),(274,4,73,'2022-10-30 05:33:22','2022-10-30 05:33:22'),(275,12,65,'2022-10-30 05:33:22','2022-10-30 05:33:22'),(276,1,3,'2022-10-30 05:33:22','2022-10-30 05:33:22'),(277,9,74,'2022-10-30 05:33:22','2022-10-30 05:33:22'),(278,1,75,'2022-10-30 05:33:22','2022-10-30 05:33:22'),(279,10,76,'2022-10-30 05:33:22','2022-10-30 05:33:22'),(280,5,77,'2022-10-30 05:33:22','2022-10-30 05:33:22'),(281,12,78,'2022-10-30 05:33:22','2022-10-30 05:33:22'),(282,8,34,'2022-10-30 05:33:22','2022-10-30 05:33:22'),(283,4,79,'2022-10-30 05:33:22','2022-10-30 05:33:22'),(284,7,80,'2022-10-30 05:33:22','2022-10-30 05:33:22'),(285,8,81,'2022-10-30 05:33:22','2022-10-30 05:33:22'),(286,11,82,'2022-10-30 05:33:22','2022-10-30 05:33:22'),(287,12,83,'2022-10-30 05:33:22','2022-10-30 05:33:22'),(288,5,84,'2022-10-30 05:33:22','2022-10-30 05:33:22'),(289,12,85,'2022-10-30 05:33:22','2022-10-30 05:33:22'),(290,11,86,'2022-10-30 05:33:22','2022-10-30 05:33:22'),(291,7,87,'2022-10-30 05:33:22','2022-10-30 05:33:22'),(292,12,88,'2022-10-30 05:33:22','2022-10-30 05:33:22'),(293,12,89,'2022-10-30 05:33:22','2022-10-30 05:33:22'),(294,3,90,'2022-10-30 05:33:22','2022-10-30 05:33:22'),(295,2,90,'2022-10-30 05:33:22','2022-10-30 05:33:22'),(296,3,91,'2022-10-30 05:33:22','2022-10-30 05:33:22'),(297,11,92,'2022-10-30 05:33:22','2022-10-30 05:33:22'),(298,11,93,'2022-10-30 05:33:22','2022-10-30 05:33:22'),(299,3,67,'2022-10-30 05:33:22','2022-10-30 05:33:22'),(300,4,94,'2022-10-30 05:33:22','2022-10-30 05:33:22'),(301,7,95,'2022-10-30 05:33:22','2022-10-30 05:33:22'),(302,2,96,'2022-10-30 05:33:22','2022-10-30 05:33:22'),(303,8,97,'2022-10-30 05:33:22','2022-10-30 05:33:22'),(304,2,98,'2022-10-30 05:33:22','2022-10-30 05:33:22'),(305,6,99,'2022-10-30 05:33:22','2022-10-30 05:33:22'),(306,9,3,'2022-10-30 05:33:22','2022-10-30 05:33:22'),(307,4,47,'2022-10-30 05:33:22','2022-10-30 05:33:22'),(308,8,100,'2022-10-30 05:33:22','2022-10-30 05:33:22'),(309,10,101,'2022-10-30 05:33:22','2022-10-30 05:33:22'),(310,8,102,'2022-10-30 05:33:22','2022-10-30 05:33:22'),(311,3,43,'2022-10-30 05:33:22','2022-10-30 05:33:22'),(312,5,103,'2022-10-30 05:33:22','2022-10-30 05:33:22'),(313,10,104,'2022-10-30 05:33:22','2022-10-30 05:33:22'),(314,2,105,'2022-10-30 05:33:22','2022-10-30 05:33:22'),(315,7,106,'2022-10-30 05:33:22','2022-10-30 05:33:22'),(316,12,107,'2022-10-30 05:33:22','2022-10-30 05:33:22'),(317,11,108,'2022-10-30 05:33:22','2022-10-30 05:33:22'),(318,5,109,'2022-10-30 05:33:22','2022-10-30 05:33:22'),(319,8,110,'2022-10-30 05:33:22','2022-10-30 05:33:22'),(320,3,111,'2022-10-30 05:33:22','2022-10-30 05:33:22'),(321,6,112,'2022-10-30 05:33:22','2022-10-30 05:33:22'),(322,6,113,'2022-10-30 05:33:22','2022-10-30 05:33:22'),(323,7,114,'2022-10-30 05:33:22','2022-10-30 05:33:22'),(324,8,108,'2022-10-30 05:33:22','2022-10-30 05:33:22'),(325,7,115,'2022-10-30 05:33:22','2022-10-30 05:33:22'),(326,12,115,'2022-10-30 05:33:22','2022-10-30 05:33:22'),(327,5,116,'2022-10-30 05:33:22','2022-10-30 05:33:22'),(328,6,70,'2022-10-30 05:33:22','2022-10-30 05:33:22'),(329,5,39,'2022-10-30 05:33:22','2022-10-30 05:33:22'),(330,12,117,'2022-10-30 05:33:22','2022-10-30 05:33:22'),(331,2,102,'2022-10-30 05:33:22','2022-10-30 05:33:22'),(332,8,118,'2022-10-30 05:33:22','2022-10-30 05:33:22'),(333,9,119,'2022-10-30 05:33:22','2022-10-30 05:33:22'),(334,1,120,'2022-10-30 05:33:22','2022-10-30 05:33:22'),(335,8,121,'2022-10-30 05:33:22','2022-10-30 05:33:22'),(336,8,122,'2022-10-30 05:33:22','2022-10-30 05:33:22'),(337,10,123,'2022-10-30 05:33:22','2022-10-30 05:33:22'),(338,12,124,'2022-10-30 05:33:22','2022-10-30 05:33:22'),(339,1,114,'2022-10-30 05:33:22','2022-10-30 05:33:22'),(340,2,125,'2022-10-30 05:33:22','2022-10-30 05:33:22'),(341,11,126,'2022-10-30 05:33:22','2022-10-30 05:33:22'),(342,3,127,'2022-10-30 05:33:22','2022-10-30 05:33:22'),(343,1,128,'2022-10-30 05:33:22','2022-10-30 05:33:22'),(344,2,129,'2022-10-30 05:33:22','2022-10-30 05:33:22'),(345,3,130,'2022-10-30 05:33:22','2022-10-30 05:33:22'),(346,6,131,'2022-10-30 05:33:22','2022-10-30 05:33:22'),(347,12,132,'2022-10-30 05:33:22','2022-10-30 05:33:22'),(348,1,133,'2022-10-30 05:33:22','2022-10-30 05:33:22'),(349,2,134,'2022-10-30 05:33:22','2022-10-30 05:33:22'),(350,5,135,'2022-10-30 05:33:22','2022-10-30 05:33:22'),(351,1,79,'2022-10-30 05:33:22','2022-10-30 05:33:22'),(352,7,136,'2022-10-30 05:33:22','2022-10-30 05:33:22'),(353,3,137,'2022-10-30 05:33:22','2022-10-30 05:33:22'),(354,11,138,'2022-10-30 05:33:22','2022-10-30 05:33:22'),(355,12,139,'2022-10-30 05:33:22','2022-10-30 05:33:22'),(356,1,86,'2022-10-30 05:33:22','2022-10-30 05:33:22'),(357,10,140,'2022-10-30 05:33:22','2022-10-30 05:33:22'),(358,2,141,'2022-10-30 05:33:22','2022-10-30 05:33:22'),(359,1,142,'2022-10-30 05:33:22','2022-10-30 05:33:22'),(360,9,42,'2022-10-30 05:33:22','2022-10-30 05:33:22'),(361,5,94,'2022-10-30 05:33:22','2022-10-30 05:33:22'),(362,1,125,'2022-10-30 05:33:22','2022-10-30 05:33:22'),(363,1,44,'2022-10-30 05:33:22','2022-10-30 05:33:22'),(364,7,143,'2022-10-30 05:33:22','2022-10-30 05:33:22'),(365,7,144,'2022-10-30 05:33:22','2022-10-30 05:33:22'),(366,2,145,'2022-10-30 05:33:22','2022-10-30 05:33:22'),(367,11,146,'2022-10-30 05:33:22','2022-10-30 05:33:22'),(368,11,71,'2022-10-30 05:33:22','2022-10-30 05:33:22'),(369,12,147,'2022-10-30 05:33:22','2022-10-30 05:33:22'),(370,12,50,'2022-10-30 05:33:22','2022-10-30 05:33:22'),(371,3,148,'2022-10-30 05:33:22','2022-10-30 05:33:22'),(372,8,149,'2022-10-30 05:33:22','2022-10-30 05:33:22'),(373,4,150,'2022-10-30 05:33:22','2022-10-30 05:33:22'),(374,10,151,'2022-10-30 05:33:22','2022-10-30 05:33:22'),(375,5,3,'2022-10-30 05:33:22','2022-10-30 05:33:22'),(376,2,152,'2022-10-30 05:33:22','2022-10-30 05:33:22'),(377,8,153,'2022-10-30 05:33:22','2022-10-30 05:33:22'),(378,11,154,'2022-10-30 05:33:22','2022-10-30 05:33:22'),(379,2,155,'2022-10-30 05:33:22','2022-10-30 05:33:22'),(380,10,156,'2022-10-30 05:33:22','2022-10-30 05:33:22'),(381,3,157,'2022-10-30 05:33:22','2022-10-30 05:33:22'),(382,2,158,'2022-10-30 05:33:22','2022-10-30 05:33:22'),(383,9,159,'2022-10-30 05:33:22','2022-10-30 05:33:22'),(384,2,160,'2022-10-30 05:33:22','2022-10-30 05:33:22'),(385,4,5,'2022-10-30 05:33:22','2022-10-30 05:33:22'),(386,3,52,'2022-10-30 05:33:22','2022-10-30 05:33:22'),(387,1,161,'2022-10-30 05:33:22','2022-10-30 05:33:22'),(388,11,162,'2022-10-30 05:33:22','2022-10-30 05:33:22'),(389,1,163,'2022-10-30 05:33:22','2022-10-30 05:33:22'),(390,9,114,'2022-10-30 05:33:22','2022-10-30 05:33:22');
/*!40000 ALTER TABLE `lines_stations` ENABLE KEYS */;
UNLOCK TABLES;

--
-- Table structure for table `locations`
--

DROP TABLE IF EXISTS `locations`;
/*!40101 SET @saved_cs_client     = @@character_set_client */;
/*!50503 SET character_set_client = utf8mb4 */;
CREATE TABLE `locations` (
  `id` bigint unsigned NOT NULL AUTO_INCREMENT,
  `station_id` bigint unsigned NOT NULL,
  `location` point NOT NULL,
  `created_at` timestamp NOT NULL DEFAULT CURRENT_TIMESTAMP,
  `updated_at` timestamp NOT NULL DEFAULT CURRENT_TIMESTAMP,
  PRIMARY KEY (`id`),
  KEY `locations_station_id_foreign` (`station_id`),
  CONSTRAINT `locations_station_id_foreign` FOREIGN KEY (`station_id`) REFERENCES `stations` (`id`)
) ENGINE=InnoDB AUTO_INCREMENT=164 DEFAULT CHARSET=utf8mb4 COLLATE=utf8mb4_unicode_ci;
/*!40101 SET character_set_client = @saved_cs_client */;

--
-- Dumping data for table `locations`
--

LOCK TABLES `locations` WRITE;
/*!40000 ALTER TABLE `locations` DISABLE KEYS */;
INSERT INTO `locations` VALUES (1,1,_binary '\0\0\0\0\0\0\0ô\Ï\“<\…X¿{ï\Áá2h3@','2022-10-30 05:46:28','2022-10-30 05:46:28'),(2,2,_binary '\0\0\0\0\0\0\0˝O˛\Ó\ÀX¿*èZä}3@','2022-10-30 05:46:28','2022-10-30 05:46:28'),(3,3,_binary '\0\0\0\0\0\0\0´)\Ê•\ƒX¿≤è\Ê#j3@','2022-10-30 05:46:28','2022-10-30 05:46:28'),(4,4,_binary '\0\0\0\0\0\0\0µ\«\ÃX¿%\÷ˇâu3@','2022-10-30 05:46:28','2022-10-30 05:46:28'),(5,5,_binary '\0\0\0\0\0\0\042¡\∆X¿cs˛ªx{3@','2022-10-30 05:46:28','2022-10-30 05:46:28'),(6,6,_binary '\0\0\0\0\0\0\0AÇ\÷¡\«X¿\Ô«´{}g3@','2022-10-30 05:46:28','2022-10-30 05:46:28'),(7,7,_binary '\0\0\0\0\0\0\0\‹X˝\œ\È\√X¿4o0/v3@','2022-10-30 05:46:28','2022-10-30 05:46:28'),(8,8,_binary '\0\0\0\0\0\0\0\n\0\'ä\ÃX¿*\Ê\ﬁÀñ~3@','2022-10-30 05:46:28','2022-10-30 05:46:28'),(9,9,_binary '\0\0\0\0\0\0\0Æ*˚ÆH\¬X¿úølØ√É3@','2022-10-30 05:46:28','2022-10-30 05:46:28'),(10,10,_binary '\0\0\0\0\0\0\0àÜˇSı\ X¿rå{\⁄r3@','2022-10-30 05:46:28','2022-10-30 05:46:28'),(11,11,_binary '\0\0\0\0\0\0\0\Z§8M\ÀX¿6àΩ\Ìïk3@','2022-10-30 05:46:28','2022-10-30 05:46:28'),(12,12,_binary '\0\0\0\0\0\0\0Pwn\≈X¿yteH¸Q3@','2022-10-30 05:46:28','2022-10-30 05:46:28'),(13,13,_binary '\0\0\0\0\0\0\0R)v4\ƒX¿x¥q\ƒZX3@','2022-10-30 05:46:28','2022-10-30 05:46:28'),(14,14,_binary '\0\0\0\0\0\0\0)d\0M\ÀX¿éN\n±V3@','2022-10-30 05:46:28','2022-10-30 05:46:28'),(15,15,_binary '\0\0\0\0\0\0\0U8˛\Ê\∆X¿z\≈sby3@','2022-10-30 05:46:28','2022-10-30 05:46:28'),(16,16,_binary '\0\0\0\0\0\0\05\"•\≈X¿Ruv\œ\ro3@','2022-10-30 05:46:28','2022-10-30 05:46:28'),(17,17,_binary '\0\0\0\0\0\0\0~\„\«X¿bLq3@','2022-10-30 05:46:28','2022-10-30 05:46:28'),(18,18,_binary '\0\0\0\0\0\0\0R¡˙¢Ò\ X¿µñd6_3@','2022-10-30 05:46:28','2022-10-30 05:46:28'),(19,19,_binary '\0\0\0\0\0\0\0*)I\ X¿˝¯lô\„b3@','2022-10-30 05:46:28','2022-10-30 05:46:28'),(20,20,_binary '\0\0\0\0\0\0\0\€ikD0\∆X¿!?πnR3@','2022-10-30 05:46:28','2022-10-30 05:46:28'),(21,21,_binary '\0\0\0\0\0\0\0íI¸@(\…X¿\ﬁa\Íàt3@','2022-10-30 05:46:28','2022-10-30 05:46:28'),(22,22,_binary '\0\0\0\0\0\0\0;(Ä\∆X¿{ˆ}¥[3@','2022-10-30 05:46:28','2022-10-30 05:46:28'),(23,23,_binary '\0\0\0\0\0\0\04\ﬂ˚˙%\∆X¿Ûxî)jk3@','2022-10-30 05:46:28','2022-10-30 05:46:28'),(24,24,_binary '\0\0\0\0\0\0\0_/Ñ\≈\ X¿dÄ<¢\ﬂg3@','2022-10-30 05:46:28','2022-10-30 05:46:28'),(25,25,_binary '\0\0\0\0\0\0\0\ﬁ-˚;º¡X¿\‚¯©C—à3@','2022-10-30 05:46:28','2022-10-30 05:46:28'),(26,26,_binary '\0\0\0\0\0\0\0í\ZÄù\…X¿ã}4bk3@','2022-10-30 05:46:28','2022-10-30 05:46:28'),(27,27,_binary '\0\0\0\0\0\0\0òCˇ\¬:\ÀX¿|˙ù`\ﬁs3@','2022-10-30 05:46:28','2022-10-30 05:46:28'),(28,28,_binary '\0\0\0\0\0\0\0:PC\ÃX¿·πîFr3@','2022-10-30 05:46:28','2022-10-30 05:46:28'),(29,29,_binary '\0\0\0\0\0\0\0\”\Zˇ$\ÀX¿\∆*JÆS3@','2022-10-30 05:46:28','2022-10-30 05:46:28'),(30,30,_binary '\0\0\0\0\0\0\0µ˚U@\…X¿˚b\Âe}3@','2022-10-30 05:46:28','2022-10-30 05:46:28'),(31,31,_binary '\0\0\0\0\0\0\0è\„ˇ\∆X¿xyùÅO]3@','2022-10-30 05:46:28','2022-10-30 05:46:28'),(32,32,_binary '\0\0\0\0\0\0\0∫\¬j,\«X¿\ÿ\÷OˇYc3@','2022-10-30 05:46:28','2022-10-30 05:46:28'),(33,33,_binary '\0\0\0\0\0\0\0YQˇ0t\…X¿ä¸]LÒn3@','2022-10-30 05:46:28','2022-10-30 05:46:28'),(34,34,_binary '\0\0\0\0\0\0\0ˇ\'˚æ™\»X¿õ?CãÆh3@','2022-10-30 05:46:28','2022-10-30 05:46:28'),(35,35,_binary '\0\0\0\0\0\0\0\’A˚\‰\Í\ÀX¿\'LZ\Èú}3@','2022-10-30 05:46:28','2022-10-30 05:46:28'),(36,36,_binary '\0\0\0\0\0\0\0˜\«ˇ\ro\ƒX¿Zy∞bDu3@','2022-10-30 05:46:28','2022-10-30 05:46:28'),(37,37,_binary '\0\0\0\0\0\0\0í\ÏjÜ¡X¿è\ﬂ\€ÙgK3@','2022-10-30 05:46:28','2022-10-30 05:46:28'),(38,38,_binary '\0\0\0\0\0\0\0Ω\Z_\œ\«X¿q9=sˇh3@','2022-10-30 05:46:28','2022-10-30 05:46:28'),(39,39,_binary '\0\0\0\0\0\0\0@L¢é\≈X¿¯V\ﬂ\Zr3@','2022-10-30 05:46:28','2022-10-30 05:46:28'),(40,40,_binary '\0\0\0\0\0\0\0>ê˛è˙\≈X¿w®ø¡ã[3@','2022-10-30 05:46:28','2022-10-30 05:46:28'),(41,41,_binary '\0\0\0\0\0\0\0\‡ç˝9\«X¿0JÄh3@','2022-10-30 05:46:28','2022-10-30 05:46:28'),(42,42,_binary '\0\0\0\0\0\0\0∞•\…X¿\ƒ˙P≥Qh3@','2022-10-30 05:46:28','2022-10-30 05:46:28'),(43,43,_binary '\0\0\0\0\0\0\0\0˙8ã\…X¿&\ﬂlscm3@','2022-10-30 05:46:28','2022-10-30 05:46:28'),(44,44,_binary '\0\0\0\0\0\0\0£\Î¸∫\…X¿53Ü{]m3@','2022-10-30 05:46:28','2022-10-30 05:46:28'),(45,45,_binary '\0\0\0\0\0\0\0\≈πr\ X¿\“!â¡pl3@','2022-10-30 05:46:28','2022-10-30 05:46:28'),(46,46,_binary '\0\0\0\0\0\0\0Q\Ì¸pJ\¬X¿kÚî\’tb3@','2022-10-30 05:46:28','2022-10-30 05:46:28'),(47,47,_binary '\0\0\0\0\0\0\0°\€K\Z£\«X¿R∑≥Ø<p3@','2022-10-30 05:46:28','2022-10-30 05:46:28'),(48,48,_binary '\0\0\0\0\0\0\0,Ä)\«X¿¥;§ m3@','2022-10-30 05:46:28','2022-10-30 05:46:28'),(49,49,_binary '\0\0\0\0\0\0\0\Œ<≥\ X¿\Ó˛_∫q3@','2022-10-30 05:46:28','2022-10-30 05:46:28'),(50,50,_binary '\0\0\0\0\0\0\0C˚˝á\ X¿˙\»\÷\»\Ë^3@','2022-10-30 05:46:28','2022-10-30 05:46:28'),(51,51,_binary '\0\0\0\0\0\0\0I\"íS\≈X¿LHîãki3@','2022-10-30 05:46:28','2022-10-30 05:46:28'),(52,52,_binary '\0\0\0\0\0\0\0†ä∑\»X¿˘˜x3@','2022-10-30 05:46:28','2022-10-30 05:46:28'),(53,53,_binary '\0\0\0\0\0\0\0Z¸û?\ÃX¿9î%cJi3@','2022-10-30 05:46:28','2022-10-30 05:46:28'),(54,54,_binary '\0\0\0\0\0\0\0+õˇx´\¬X¿E∑¡˝>Ä3@','2022-10-30 05:46:28','2022-10-30 05:46:28'),(55,55,_binary '\0\0\0\0\0\0\0æ\Âe\∆X¿U«¶l\√p3@','2022-10-30 05:46:28','2022-10-30 05:46:28'),(56,56,_binary '\0\0\0\0\0\0\0\”\’\ÓL\ X¿V!\Ìòq3@','2022-10-30 05:46:28','2022-10-30 05:46:28'),(57,57,_binary '\0\0\0\0\0\0\0›í\…X¿û\È\Î\Z©^3@','2022-10-30 05:46:28','2022-10-30 05:46:28'),(58,58,_binary '\0\0\0\0\0\0\0\'\n¸˙D\≈X¿;0%7/h3@','2022-10-30 05:46:28','2022-10-30 05:46:28'),(59,59,_binary '\0\0\0\0\0\0\00∫ºøX¿Q¯l\\3@','2022-10-30 05:46:28','2022-10-30 05:46:28'),(60,60,_binary '\0\0\0\0\0\0\0\ƒM¸\…X¿\‘iY\ŒX3@','2022-10-30 05:46:28','2022-10-30 05:46:28'),(61,61,_binary '\0\0\0\0\0\0\0C¶\0A\Œ\»X¿7v\‰£ e3@','2022-10-30 05:46:28','2022-10-30 05:46:28'),(62,62,_binary '\0\0\0\0\0\0\0ù\Á¸\“j\«X¿\À5\œ\€r3@','2022-10-30 05:46:28','2022-10-30 05:46:28'),(63,63,_binary '\0\0\0\0\0\0\0x©\…\…X¿I\Ïa7r3@','2022-10-30 05:46:28','2022-10-30 05:46:28'),(64,64,_binary '\0\0\0\0\0\0\0ä%˛ãî\∆X¿7•ºVBl3@','2022-10-30 05:46:28','2022-10-30 05:46:28'),(65,65,_binary '\0\0\0\0\0\0\0\Ï{˝\ﬁ \…X¿â\Ÿ£\\3@','2022-10-30 05:46:28','2022-10-30 05:46:28'),(66,66,_binary '\0\0\0\0\0\0\0sú¸í$\∆X¿¶@\Íüus3@','2022-10-30 05:46:28','2022-10-30 05:46:28'),(67,67,_binary '\0\0\0\0\0\0\0q\ ˝ä\»X¿,üaA\Ã{3@','2022-10-30 05:46:28','2022-10-30 05:46:28'),(68,68,_binary '\0\0\0\0\0\0\0˜§˙kE\ÃX¿¯[\“\‡l3@','2022-10-30 05:46:28','2022-10-30 05:46:28'),(69,69,_binary '\0\0\0\0\0\0\0π\Î¯\∆X¿\Î\Í\»p¿V3@','2022-10-30 05:46:28','2022-10-30 05:46:28'),(70,70,_binary '\0\0\0\0\0\0\0û≤\—\ÃX¿^*\€,Å3@','2022-10-30 05:46:28','2022-10-30 05:46:28'),(71,71,_binary '\0\0\0\0\0\0\0Ø\¬˚\‰G\…X¿\◊3!9\€q3@','2022-10-30 05:46:28','2022-10-30 05:46:28'),(72,72,_binary '\0\0\0\0\0\0\0q\Œ\…X¿eQ∑7\Ëi3@','2022-10-30 05:46:28','2022-10-30 05:46:28'),(73,73,_binary '\0\0\0\0\0\0\0\0\Í˛ò≥\«X¿ˆ4\‘\Êk3@','2022-10-30 05:46:28','2022-10-30 05:46:28'),(74,74,_binary '\0\0\0\0\0\0\0Å\›˙˙k\ÀX¿ΩX\÷\’g3@','2022-10-30 05:46:28','2022-10-30 05:46:28'),(75,75,_binary '\0\0\0\0\0\0\0å\ \¬\◊\ÃX¿,ûz§¡e3@','2022-10-30 05:46:28','2022-10-30 05:46:28'),(76,76,_binary '\0\0\0\0\0\0\0\‚ÇæzΩX¿ïªdπY3@','2022-10-30 05:46:28','2022-10-30 05:46:28'),(77,77,_binary '\0\0\0\0\0\0\0Z\07¨\«X¿Ú\“\…)lu3@','2022-10-30 05:46:28','2022-10-30 05:46:28'),(78,78,_binary '\0\0\0\0\0\0\0Æ∏8*7\ƒX¿MÖx$^N3@','2022-10-30 05:46:28','2022-10-30 05:46:28'),(79,79,_binary '\0\0\0\0\0\0\0?~8ú\«X¿#õ/\ﬁm3@','2022-10-30 05:46:28','2022-10-30 05:46:28'),(80,80,_binary '\0\0\0\0\0\0\0ñ\ÌC\ﬁr\ÃX¿‹Ω\‹\'G}3@','2022-10-30 05:46:28','2022-10-30 05:46:28'),(81,81,_binary '\0\0\0\0\0\0\0u\ÀÒ\»X¿öµêˆg3@','2022-10-30 05:46:28','2022-10-30 05:46:28'),(82,82,_binary '\0\0\0\0\0\0\0\ÀXc\¬X¿*ıUÖ3@','2022-10-30 05:46:28','2022-10-30 05:46:28'),(83,83,_binary '\0\0\0\0\0\0\0)\0p\Õ\«X¿\∆vŒÅ[3@','2022-10-30 05:46:28','2022-10-30 05:46:28'),(84,84,_binary '\0\0\0\0\0\0\0µ‹ô	Ü\…X¿f-§˝3@','2022-10-30 05:46:28','2022-10-30 05:46:28'),(85,85,_binary '\0\0\0\0\0\0\0ÛX32\»\ƒX¿‹Ω\‹\'GQ3@','2022-10-30 05:46:28','2022-10-30 05:46:28'),(86,86,_binary '\0\0\0\0\0\0\0àfû\\S\«X¿}±˜\‚ãn3@','2022-10-30 05:46:28','2022-10-30 05:46:28'),(87,87,_binary '\0\0\0\0\0\0\0~\ÃˇíÒ\ÀX¿u]2mÉb3@','2022-10-30 05:46:28','2022-10-30 05:46:28'),(88,88,_binary '\0\0\0\0\0\0\0≈π˙o-\¬X¿\…sø;\‡K3@','2022-10-30 05:46:28','2022-10-30 05:46:28'),(89,89,_binary '\0\0\0\0\0\0\0Ñ∂ˇu\Ï¿X¿…ü\√kI3@','2022-10-30 05:46:28','2022-10-30 05:46:28'),(90,90,_binary '\0\0\0\0\0\0\0∂me\…X¿¥8\∆\¬\Œo3@','2022-10-30 05:46:28','2022-10-30 05:46:28'),(91,91,_binary '\0\0\0\0\0\0\0ïK¸¥˛\…X¿hjDˆbe3@','2022-10-30 05:46:28','2022-10-30 05:46:28'),(92,92,_binary '\0\0\0\0\0\0\0≠* \≈X¿ä$ì∂es3@','2022-10-30 05:46:28','2022-10-30 05:46:28'),(93,93,_binary '\0\0\0\0\0\0\0,∫ıö\√X¿3¸ß(|3@','2022-10-30 05:46:28','2022-10-30 05:46:28'),(94,94,_binary '\0\0\0\0\0\0\0∞kˇÛI\«X¿xY-Út3@','2022-10-30 05:46:28','2022-10-30 05:46:28'),(95,95,_binary '\0\0\0\0\0\0\0Sê∏\ÃX¿Ä©éz3@','2022-10-30 05:46:28','2022-10-30 05:46:28'),(96,96,_binary '\0\0\0\0\0\0\0\Œ˙÷ø\»X¿ù\È-7{o3@','2022-10-30 05:46:28','2022-10-30 05:46:28'),(97,97,_binary '\0\0\0\0\0\0\0g˛\…\…X¿\Ì;\–Tn3@','2022-10-30 05:46:28','2022-10-30 05:46:28'),(98,98,_binary '\0\0\0\0\0\0\0B\À¸õæ\»X¿;\–Zóf3@','2022-10-30 05:46:28','2022-10-30 05:46:28'),(99,99,_binary '\0\0\0\0\0\0\0\¬b˝4\Ë\…X¿]¡ôÖ}3@','2022-10-30 05:46:28','2022-10-30 05:46:28'),(100,100,_binary '\0\0\0\0\0\0\0\≈Q˚•,\…X¿\Ác\Î◊•k3@','2022-10-30 05:46:28','2022-10-30 05:46:28'),(101,101,_binary '\0\0\0\0\0\0\0\œ˝iÇæX¿ØNcµ\ÿ[3@','2022-10-30 05:46:28','2022-10-30 05:46:28'),(102,102,_binary '\0\0\0\0\0\0\0¿˛\“ˇ\»X¿ì1%/æo3@','2022-10-30 05:46:28','2022-10-30 05:46:28'),(103,103,_binary '\0\0\0\0\0\0\0U\¬z˝\»X¿t±3Öz3@','2022-10-30 05:46:28','2022-10-30 05:46:28'),(104,104,_binary '\0\0\0\0\0\0\0HºÚa¿X¿\⁄ñ?]3@','2022-10-30 05:46:28','2022-10-30 05:46:28'),(105,105,_binary '\0\0\0\0\0\0\0v\«ˇp\Ÿ\…X¿Ú\0˝[Up3@','2022-10-30 05:46:28','2022-10-30 05:46:28'),(106,106,_binary '\0\0\0\0\0\0\0Ø\∆Ù5\ÃX¿7\'ˆÒn3@','2022-10-30 05:46:28','2022-10-30 05:46:28'),(107,107,_binary '\0\0\0\0\0\0\0€ê\∆X¿ï∏éq\≈S3@','2022-10-30 05:46:28','2022-10-30 05:46:28'),(108,108,_binary '\0\0\0\0\0\0\0q<üı\»X¿\–\‘\ÎÅq3@','2022-10-30 05:46:28','2022-10-30 05:46:28'),(109,109,_binary '\0\0\0\0\0\0\0e±ùø\∆X¿¥)\r\Î|s3@','2022-10-30 05:46:28','2022-10-30 05:46:28'),(110,110,_binary '\0\0\0\0\0\0\0=|ô(B\«X¿=Ú\œe3@','2022-10-30 05:46:28','2022-10-30 05:46:28'),(111,111,_binary '\0\0\0\0\0\0\0és˛ö\Í\ X¿åìêÇÜ\\3@','2022-10-30 05:46:28','2022-10-30 05:46:28'),(112,112,_binary '\0\0\0\0\0\0\0(D>f\ X¿sÉ\„*˝|3@','2022-10-30 05:46:28','2022-10-30 05:46:28'),(113,113,_binary '\0\0\0\0\0\0\02ˇ*ô\»X¿\0*\“|3@','2022-10-30 05:46:28','2022-10-30 05:46:28'),(114,114,_binary '\0\0\0\0\0\0\0aL\ÌÒ\ÀX¿{xC\ÿ¯f3@','2022-10-30 05:46:28','2022-10-30 05:46:28'),(115,115,_binary '\0\0\0\0\0\0\0-\ÃX¿/\…˘IR`3@','2022-10-30 05:46:28','2022-10-30 05:46:28'),(116,116,_binary '\0\0\0\0\0\0\0J)\Ëˆí\≈X¿\“ˇr-Zl3@','2022-10-30 05:46:28','2022-10-30 05:46:28'),(117,117,_binary '\0\0\0\0\0\0\0} ˝ı\¬X¿ÇÚT•L3@','2022-10-30 05:46:28','2022-10-30 05:46:28'),(118,118,_binary '\0\0\0\0\0\0\0´^~ß\…\ƒX¿\‚\ÁøØY3@','2022-10-30 05:46:28','2022-10-30 05:46:28'),(119,119,_binary '\0\0\0\0\0\0\0l•\0\Êî\∆X¿?qc\'zh3@','2022-10-30 05:46:28','2022-10-30 05:46:28'),(120,120,_binary '\0\0\0\0\0\0\0p\⁄\0*\‰\…X¿∑ c¯l3@','2022-10-30 05:46:28','2022-10-30 05:46:28'),(121,121,_binary '\0\0\0\0\0\0\0B	3mˇ\∆X¿h$B#\ÿ`3@','2022-10-30 05:46:28','2022-10-30 05:46:28'),(122,122,_binary '\0\0\0\0\0\0\0ú\Ì˙ö\ﬂ\∆X¿¯\"±x_3@','2022-10-30 05:46:28','2022-10-30 05:46:28'),(123,123,_binary '\0\0\0\0\0\0\0Oˇx\ƒX¿\ÎGXéog3@','2022-10-30 05:46:28','2022-10-30 05:46:28'),(124,124,_binary '\0\0\0\0\0\0\0AªnØ\…X¿\œ+\‡ñv\\3@','2022-10-30 05:46:28','2022-10-30 05:46:28'),(125,125,_binary '\0\0\0\0\0\0\0=\·¸∏É\»X¿}[Úp\Èl3@','2022-10-30 05:46:28','2022-10-30 05:46:28'),(126,126,_binary '\0\0\0\0\0\0\0Û¢i˜\¬X¿\∆hÄ}3@','2022-10-30 05:46:28','2022-10-30 05:46:28'),(127,127,_binary '\0\0\0\0\0\0\0\‘)èn\»X¿¶c\Œ3ˆy3@','2022-10-30 05:46:28','2022-10-30 05:46:28'),(128,128,_binary '\0\0\0\0\0\0\0˘¸j\Ì\ X¿sZl3@','2022-10-30 05:46:28','2022-10-30 05:46:28'),(129,129,_binary '\0\0\0\0\0\0\0?∫4D\…X¿XˆM/kZ3@','2022-10-30 05:46:28','2022-10-30 05:46:28'),(130,130,_binary '\0\0\0\0\0\0\07ßí†\«X¿\ﬂ7æˆ\Ã~3@','2022-10-30 05:46:28','2022-10-30 05:46:28'),(131,131,_binary '\0\0\0\0\0\0\0ì\Ë\Íè\«X¿¡tZ∑A{3@','2022-10-30 05:46:28','2022-10-30 05:46:28'),(132,132,_binary '\0\0\0\0\0\0\0˝6˛#\ X¿Wˆ\ﬂ\÷^3@','2022-10-30 05:46:28','2022-10-30 05:46:28'),(133,133,_binary '\0\0\0\0\0\0\0x¸\nß\ÀX¿Ei-‘≥i3@','2022-10-30 05:46:28','2022-10-30 05:46:28'),(134,134,_binary '\0\0\0\0\0\0\0Tj˛±Û\»X¿u5?a3@','2022-10-30 05:46:28','2022-10-30 05:46:28'),(135,135,_binary '\0\0\0\0\0\0\0\Ã\‘jZ\»X¿æ7üùÄv3@','2022-10-30 05:46:28','2022-10-30 05:46:28'),(136,136,_binary '\0\0\0\0\0\0\0D\–\Â\ÃX¿\—\„ú}ä\\3@','2022-10-30 05:46:28','2022-10-30 05:46:28'),(137,137,_binary '\0\0\0\0\0\0\0\Ÿˇ\Áç\ÀX¿óµ\‚UµX3@','2022-10-30 05:46:28','2022-10-30 05:46:28'),(138,138,_binary '\0\0\0\0\0\0\0eéc\»X¿q§˘Ñhq3@','2022-10-30 05:46:28','2022-10-30 05:46:28'),(139,139,_binary '\0\0\0\0\0\0\0sD\0hª\√X¿\ H\Ê&§M3@','2022-10-30 05:46:28','2022-10-30 05:46:28'),(140,140,_binary '\0\0\0\0\0\0\0É\Ëˇ˙\¬X¿tl\ƒd3@','2022-10-30 05:46:28','2022-10-30 05:46:28'),(141,141,_binary '\0\0\0\0\0\0\0\ﬁû¥p\»X¿\'/2øn3@','2022-10-30 05:46:28','2022-10-30 05:46:28'),(142,142,_binary '\0\0\0\0\0\0\0j~\Œ\≈X¿\¬∏Ñj3@','2022-10-30 05:46:28','2022-10-30 05:46:28'),(143,143,_binary '\0\0\0\0\0\0\0$q¸\‚\ÀX¿™¥\ÊC\'d3@','2022-10-30 05:46:28','2022-10-30 05:46:28'),(144,144,_binary '\0\0\0\0\0\0\0êk©&\ÃX¿eK=®x3@','2022-10-30 05:46:28','2022-10-30 05:46:28'),(145,145,_binary '\0\0\0\0\0\0\0\ƒN\ﬂ\»X¿pøS31c3@','2022-10-30 05:46:28','2022-10-30 05:46:28'),(146,146,_binary '\0\0\0\0\0\0\0àıëû\∆X¿#q®B∞o3@','2022-10-30 05:46:28','2022-10-30 05:46:28'),(147,147,_binary '\0\0\0\0\0\0\0 ˇn\ÀX¿O”Ä§_3@','2022-10-30 05:46:28','2022-10-30 05:46:28'),(148,148,_binary '\0\0\0\0\0\0\0ƒÉ˚;:\ÀX¿™£UêZ3@','2022-10-30 05:46:28','2022-10-30 05:46:28'),(149,149,_binary '\0\0\0\0\0\0\0\ÈE\Ì~\≈X¿\∆l…™[3@','2022-10-30 05:46:28','2022-10-30 05:46:28'),(150,150,_binary '\0\0\0\0\0\0\0?≠˝¯&\«X¿‹ù\Ív3@','2022-10-30 05:46:28','2022-10-30 05:46:28'),(151,151,_binary '\0\0\0\0\0\0\08m\0\“\√X¿\∆h°çÒe3@','2022-10-30 05:46:28','2022-10-30 05:46:28'),(152,152,_binary '\0\0\0\0\0\0\0DÑJò\»X¿˛πh\»xj3@','2022-10-30 05:46:28','2022-10-30 05:46:28'),(153,153,_binary '\0\0\0\0\0\0\0a˛#6\…X¿é8¶ªi3@','2022-10-30 05:46:28','2022-10-30 05:46:28'),(154,154,_binary '\0\0\0\0\0\0\0ß<¸-\Ë¡X¿\›$äπ9á3@','2022-10-30 05:46:28','2022-10-30 05:46:28'),(155,155,_binary '\0\0\0\0\0\0\07\√\r¯¸\ÃX¿\‰g#\◊Mu3@','2022-10-30 05:46:28','2022-10-30 05:46:28'),(156,156,_binary '\0\0\0\0\0\0\0\ŒJˇ7¡X¿L\Ëew_3@','2022-10-30 05:46:28','2022-10-30 05:46:28'),(157,157,_binary '\0\0\0\0\0\0\0Ym˛_5\ X¿Aç1fa3@','2022-10-30 05:46:28','2022-10-30 05:46:28'),(158,158,_binary '\0\0\0\0\0\0\08\€‹òû\ÀX¿æº\0˚\Ët3@','2022-10-30 05:46:28','2022-10-30 05:46:28'),(159,159,_binary '\0\0\0\0\0\0\0ù\‘˙\œ\ÿ\≈X¿?qc\'zh3@','2022-10-30 05:46:28','2022-10-30 05:46:28'),(160,160,_binary '\0\0\0\0\0\0\0.T˛µº\ÕX¿k∏\»=]u3@','2022-10-30 05:46:28','2022-10-30 05:46:28'),(161,161,_binary '\0\0\0\0\0\0\0£\Ó˚\“\»X¿∫—äm3@','2022-10-30 05:46:28','2022-10-30 05:46:28'),(162,162,_binary '\0\0\0\0\0\0\0ÆG\·z\√X¿Å?¸¸˜x3@','2022-10-30 05:46:28','2022-10-30 05:46:28'),(163,163,_binary '\0\0\0\0\0\0\0}ˇΩ\»X¿dù\"n\Îl3@','2022-10-30 05:46:28','2022-10-30 05:46:28');
/*!40000 ALTER TABLE `locations` ENABLE KEYS */;
UNLOCK TABLES;

--
-- Table structure for table `stations`
--

DROP TABLE IF EXISTS `stations`;
/*!40101 SET @saved_cs_client     = @@character_set_client */;
/*!50503 SET character_set_client = utf8mb4 */;
CREATE TABLE `stations` (
  `id` bigint unsigned NOT NULL AUTO_INCREMENT,
  `name` varchar(50) CHARACTER SET utf8mb4 COLLATE utf8mb4_unicode_ci NOT NULL,
  `created_at` timestamp NOT NULL DEFAULT CURRENT_TIMESTAMP,
  `updated_at` timestamp NOT NULL DEFAULT CURRENT_TIMESTAMP,
  `update_field` timestamp NOT NULL DEFAULT CURRENT_TIMESTAMP ON UPDATE CURRENT_TIMESTAMP,
  PRIMARY KEY (`id`)
) ENGINE=InnoDB AUTO_INCREMENT=167 DEFAULT CHARSET=utf8mb4 COLLATE=utf8mb4_unicode_ci;
/*!40101 SET character_set_client = @saved_cs_client */;

--
-- Dumping data for table `stations`
--

LOCK TABLES `stations` WRITE;
/*!40000 ALTER TABLE `stations` DISABLE KEYS */;
INSERT INTO `stations` VALUES (1,'L√°zaro C√°rdenas','2022-10-30 04:47:09','2022-10-30 04:47:09','2022-10-30 06:58:40'),(2,'Ferrer√≠a','2022-10-30 04:47:09','2022-10-30 04:47:09','2022-10-30 06:58:40'),(3,'Pantitl√°n','2022-10-30 04:47:09','2022-10-30 04:47:09','2022-10-30 06:58:40'),(4,'Tacuba','2022-10-30 04:47:09','2022-10-30 04:47:09','2022-10-30 06:58:40'),(5,'Mart√≠n Carrera','2022-10-30 04:47:09','2022-10-30 04:47:09','2022-10-30 06:58:40'),(6,'Santa Anita','2022-10-30 04:47:09','2022-10-30 04:47:09','2022-10-30 06:58:40'),(7,'Villa de Arag√≥n','2022-10-30 04:47:09','2022-10-30 04:47:09','2022-10-30 06:58:40'),(8,'Tezoz√≥moc','2022-10-30 04:47:09','2022-10-30 04:47:09','2022-10-30 06:58:40'),(9,'Tecnol√≥gico','2022-10-30 04:47:09','2022-10-30 04:47:09','2022-10-30 06:58:40'),(10,'Colegio Militar','2022-10-30 04:47:09','2022-10-30 04:47:09','2022-10-30 06:58:40'),(11,'Chapultepec','2022-10-30 04:47:09','2022-10-30 04:47:09','2022-10-30 06:58:40'),(12,'Calle 11','2022-10-30 04:47:09','2022-10-30 04:47:09','2022-10-30 06:58:40'),(13,'Constituci√≥n de 1917','2022-10-30 04:47:09','2022-10-30 04:47:09','2022-10-30 06:58:40'),(14,'Copilco','2022-10-30 04:47:09','2022-10-30 04:47:09','2022-10-30 06:58:40'),(15,'Talism√°n','2022-10-30 04:47:09','2022-10-30 04:47:09','2022-10-30 06:58:40'),(16,'Terminal A√©rea','2022-10-30 04:47:09','2022-10-30 04:47:09','2022-10-30 06:58:40'),(17,'Tepito','2022-10-30 04:47:09','2022-10-30 04:47:09','2022-10-30 06:58:40'),(18,'Hospital 20 de Nov.','2022-10-30 04:47:09','2022-10-30 04:47:09','2022-10-30 06:58:40'),(19,'Eugenia','2022-10-30 04:47:09','2022-10-30 04:47:09','2022-10-30 06:58:40'),(20,'Lomas Estrella','2022-10-30 04:47:09','2022-10-30 04:47:09','2022-10-30 06:58:40'),(21,'Tlatelolco','2022-10-30 04:47:09','2022-10-30 04:47:09','2022-10-30 06:58:40'),(22,'Atlalilco','2022-10-30 04:47:09','2022-10-30 04:47:09','2022-10-30 06:58:40'),(23,'Blvd. Puerto A√©reo','2022-10-30 04:47:09','2022-10-30 04:47:09','2022-10-30 06:58:40'),(24,'Chilpancingo','2022-10-30 04:47:09','2022-10-30 04:47:09','2022-10-30 06:58:40'),(25,'Ciudad Azteca','2022-10-30 04:47:09','2022-10-30 04:47:09','2022-10-30 06:58:40'),(26,'Ni√±os H√©roes','2022-10-30 04:47:09','2022-10-30 04:47:09','2022-10-30 06:58:40'),(27,'Popotla','2022-10-30 04:47:09','2022-10-30 04:47:09','2022-10-30 06:58:40'),(28,'San Joaqu√≠n','2022-10-30 04:47:09','2022-10-30 04:47:09','2022-10-30 06:58:40'),(29,'Universidad','2022-10-30 04:47:09','2022-10-30 04:47:09','2022-10-30 06:58:40'),(30,'Instituto del Petr√≥leo','2022-10-30 04:47:09','2022-10-30 04:47:09','2022-10-30 06:58:40'),(31,'Escuadr√≥n 201','2022-10-30 04:47:09','2022-10-30 04:47:09','2022-10-30 06:58:40'),(32,'Iztacalco','2022-10-30 04:47:09','2022-10-30 04:47:09','2022-10-30 06:58:40'),(33,'Ju√°rez','2022-10-30 04:47:09','2022-10-30 04:47:09','2022-10-30 06:58:40'),(34,'Chabacano','2022-10-30 04:47:09','2022-10-30 04:47:09','2022-10-30 06:58:40'),(35,'Azcapotzalco','2022-10-30 04:47:09','2022-10-30 04:47:09','2022-10-30 06:58:40'),(36,'Bosque de Arag√≥n','2022-10-30 04:47:09','2022-10-30 04:47:09','2022-10-30 06:58:40'),(37,'Tlaltenco','2022-10-30 04:47:09','2022-10-30 04:47:09','2022-10-30 06:58:40'),(38,'Jamaica','2022-10-30 04:47:09','2022-10-30 04:47:09','2022-10-30 06:58:40'),(39,'Ocean√≠a','2022-10-30 04:47:09','2022-10-30 04:47:09','2022-10-30 06:58:40'),(40,'Iztapalapa','2022-10-30 04:47:09','2022-10-30 04:47:09','2022-10-30 06:58:40'),(41,'Mixhuca','2022-10-30 04:47:09','2022-10-30 04:47:09','2022-10-30 06:58:40'),(42,'Centro M√©dico','2022-10-30 04:47:09','2022-10-30 04:47:09','2022-10-30 06:58:40'),(43,'Balderas','2022-10-30 04:47:09','2022-10-30 04:47:09','2022-10-30 06:58:40'),(44,'Salto del Agua','2022-10-30 04:47:09','2022-10-30 04:47:09','2022-10-30 06:58:40'),(45,'Insurgentes','2022-10-30 04:47:09','2022-10-30 04:47:09','2022-10-30 06:58:40'),(46,'Guelatao','2022-10-30 04:47:09','2022-10-30 04:47:09','2022-10-30 06:58:40'),(47,'Morelos','2022-10-30 04:47:09','2022-10-30 04:47:09','2022-10-30 06:58:40'),(48,'Moctezuma','2022-10-30 04:47:09','2022-10-30 04:47:09','2022-10-30 06:58:40'),(49,'Normal','2022-10-30 04:47:09','2022-10-30 04:47:09','2022-10-30 06:58:40'),(50,'Zapata','2022-10-30 04:47:09','2022-10-30 04:47:09','2022-10-30 06:58:40'),(51,'Zaragoza','2022-10-30 04:47:09','2022-10-30 04:47:09','2022-10-30 06:58:40'),(52,'La Raza','2022-10-30 04:47:09','2022-10-30 04:47:09','2022-10-30 06:58:40'),(53,'Constituyentes','2022-10-30 04:47:09','2022-10-30 04:47:09','2022-10-30 06:58:40'),(54,'M√∫zquiz','2022-10-30 04:47:09','2022-10-30 04:47:09','2022-10-30 06:58:40'),(55,'Romero Rubio','2022-10-30 04:47:09','2022-10-30 04:47:09','2022-10-30 06:58:40'),(56,'San Cosme','2022-10-30 04:47:09','2022-10-30 04:47:09','2022-10-30 06:58:40'),(57,'Portales','2022-10-30 04:47:09','2022-10-30 04:47:09','2022-10-30 06:58:40'),(58,'Puebla','2022-10-30 04:47:09','2022-10-30 04:47:09','2022-10-30 06:58:40'),(59,'Santa Marta','2022-10-30 04:47:09','2022-10-30 04:47:09','2022-10-30 06:58:40'),(60,'Tasque√±a','2022-10-30 04:47:09','2022-10-30 04:47:09','2022-10-30 06:58:40'),(61,'Xola','2022-10-30 04:47:09','2022-10-30 04:47:09','2022-10-30 06:58:40'),(62,'Canal del Norte','2022-10-30 04:47:09','2022-10-30 04:47:09','2022-10-30 06:58:40'),(63,'Buenavista','2022-10-30 04:47:09','2022-10-30 04:47:09','2022-10-30 06:58:40'),(64,'Balbuena','2022-10-30 04:47:09','2022-10-30 04:47:09','2022-10-30 06:58:40'),(65,'Ermita','2022-10-30 04:47:09','2022-10-30 04:47:09','2022-10-30 06:58:40'),(66,'Arag√≥n','2022-10-30 04:47:09','2022-10-30 04:47:09','2022-10-30 06:58:40'),(67,'Deportivo 18 de Marzo','2022-10-30 04:47:09','2022-10-30 04:47:09','2022-10-30 06:58:40'),(68,'Auditorio','2022-10-30 04:47:09','2022-10-30 04:47:09','2022-10-30 06:58:40'),(69,'Culhuac√°n','2022-10-30 04:47:09','2022-10-30 04:47:09','2022-10-30 06:58:40'),(70,'El Rosario','2022-10-30 04:47:09','2022-10-30 04:47:09','2022-10-30 06:58:40'),(71,'Guerrero','2022-10-30 04:47:09','2022-10-30 04:47:09','2022-10-30 06:58:40'),(72,'Hospital General','2022-10-30 04:47:09','2022-10-30 04:47:09','2022-10-30 06:58:40'),(73,'Fray Servando','2022-10-30 04:47:09','2022-10-30 04:47:09','2022-10-30 06:58:40'),(74,'Patriotismo','2022-10-30 04:47:09','2022-10-30 04:47:09','2022-10-30 06:58:40'),(75,'Observatorio','2022-10-30 04:47:09','2022-10-30 04:47:09','2022-10-30 06:58:40'),(76,'La Paz','2022-10-30 04:47:09','2022-10-30 04:47:09','2022-10-30 06:58:40'),(77,'Valle G√≥mez','2022-10-30 04:47:09','2022-10-30 04:47:09','2022-10-30 06:58:40'),(78,'Tezonco','2022-10-30 04:47:09','2022-10-30 04:47:09','2022-10-30 06:58:40'),(79,'Candelaria','2022-10-30 04:47:09','2022-10-30 04:47:09','2022-10-30 06:58:40'),(80,'Aquiles Serd√°n','2022-10-30 04:47:09','2022-10-30 04:47:09','2022-10-30 06:58:40'),(81,'La Viga','2022-10-30 04:47:09','2022-10-30 04:47:09','2022-10-30 06:58:40'),(82,'Ol√≠mpica','2022-10-30 04:47:09','2022-10-30 04:47:09','2022-10-30 06:58:40'),(83,'Mexicaltzingo','2022-10-30 04:47:09','2022-10-30 04:47:09','2022-10-30 06:58:40'),(84,'Polit√©cnico','2022-10-30 04:47:09','2022-10-30 04:47:09','2022-10-30 06:58:40'),(85,'Perif√©rico Ote','2022-10-30 04:47:09','2022-10-30 04:47:09','2022-10-30 06:58:40'),(86,'San L√°zaro','2022-10-30 04:47:09','2022-10-30 04:47:09','2022-10-30 06:58:40'),(87,'San Antonio','2022-10-30 04:47:09','2022-10-30 04:47:09','2022-10-30 06:58:40'),(88,'Zapotitl√°n','2022-10-30 04:47:09','2022-10-30 04:47:09','2022-10-30 06:58:40'),(89,'Tl√°huac','2022-10-30 04:47:09','2022-10-30 04:47:09','2022-10-30 06:58:40'),(90,'Hidalgo','2022-10-30 04:47:09','2022-10-30 04:47:09','2022-10-30 06:58:40'),(91,'Etiop√≠a / Plaza de la Transpatencia','2022-10-30 04:47:09','2022-10-30 04:47:09','2022-10-30 06:58:40'),(92,'Deportivo Ocean√≠a','2022-10-30 04:47:09','2022-10-30 04:47:09','2022-10-30 06:58:40'),(93,'Impulsora','2022-10-30 04:47:09','2022-10-30 04:47:09','2022-10-30 06:58:40'),(94,'Consulado','2022-10-30 04:47:09','2022-10-30 04:47:09','2022-10-30 06:58:40'),(95,'Camarones','2022-10-30 04:47:09','2022-10-30 04:47:09','2022-10-30 06:58:40'),(96,'Allende','2022-10-30 04:47:09','2022-10-30 04:47:09','2022-10-30 06:58:40'),(97,'San Juan de Letr√°n','2022-10-30 04:47:09','2022-10-30 04:47:09','2022-10-30 06:58:40'),(98,'Viaducto','2022-10-30 04:47:09','2022-10-30 04:47:09','2022-10-30 06:58:40'),(99,'Vallejo','2022-10-30 04:47:09','2022-10-30 04:47:09','2022-10-30 06:58:40'),(100,'Doctores','2022-10-30 04:47:09','2022-10-30 04:47:09','2022-10-30 06:58:40'),(101,'Los Reyes','2022-10-30 04:47:09','2022-10-30 04:47:09','2022-10-30 06:58:40'),(102,'Bellas Artes','2022-10-30 04:47:09','2022-10-30 04:47:09','2022-10-30 06:58:40'),(103,'Autobuses del Norte','2022-10-30 04:47:09','2022-10-30 04:47:09','2022-10-30 06:58:40'),(104,'Acatitla','2022-10-30 04:47:09','2022-10-30 04:47:09','2022-10-30 06:58:40'),(105,'Revoluci√≥n','2022-10-30 04:47:09','2022-10-30 04:47:09','2022-10-30 06:58:40'),(106,'Polanco','2022-10-30 04:47:09','2022-10-30 04:47:09','2022-10-30 06:58:40'),(107,'San Andr√©s Tomatl√°n','2022-10-30 04:47:09','2022-10-30 04:47:09','2022-10-30 06:58:40'),(108,'Garibaldi','2022-10-30 04:47:09','2022-10-30 04:47:09','2022-10-30 06:58:40'),(109,'Eduardo Molina','2022-10-30 04:47:09','2022-10-30 04:47:09','2022-10-30 06:58:40'),(110,'Coyuya','2022-10-30 04:47:09','2022-10-30 04:47:09','2022-10-30 06:58:40'),(111,'Coyoac√°n','2022-10-30 04:47:09','2022-10-30 04:47:09','2022-10-30 06:58:40'),(112,'Norte 45','2022-10-30 04:47:09','2022-10-30 04:47:09','2022-10-30 06:58:40'),(113,'Lindavista','2022-10-30 04:47:09','2022-10-30 04:47:09','2022-10-30 06:58:40'),(114,'Tacubaya','2022-10-30 04:47:09','2022-10-30 04:47:09','2022-10-30 06:58:40'),(115,'Mixcoac','2022-10-30 04:47:09','2022-10-30 04:47:09','2022-10-30 06:58:40'),(116,'Hangares','2022-10-30 04:47:09','2022-10-30 04:47:09','2022-10-30 06:58:40'),(117,'Nopalera','2022-10-30 04:47:09','2022-10-30 04:47:09','2022-10-30 06:58:40'),(118,'UAM-I','2022-10-30 04:47:09','2022-10-30 04:47:09','2022-10-30 06:58:40'),(119,'Vel√≥dromo','2022-10-30 04:47:09','2022-10-30 04:47:09','2022-10-30 06:58:40'),(120,'Cuauht√©moc','2022-10-30 04:47:09','2022-10-30 04:47:09','2022-10-30 06:58:40'),(121,'Apatlaco','2022-10-30 04:47:09','2022-10-30 04:47:09','2022-10-30 06:58:40'),(122,'Aculco','2022-10-30 04:47:09','2022-10-30 04:47:09','2022-10-30 06:58:40'),(123,'Agr√≠cola Oriental','2022-10-30 04:47:09','2022-10-30 04:47:09','2022-10-30 06:58:40'),(124,'Eje Central','2022-10-30 04:47:09','2022-10-30 04:47:09','2022-10-30 06:58:40'),(125,'Pino Su√°rez','2022-10-30 04:47:09','2022-10-30 04:47:09','2022-10-30 06:58:40'),(126,'R√≠o de los Remedios','2022-10-30 04:47:09','2022-10-30 04:47:09','2022-10-30 06:58:40'),(127,'Potrero','2022-10-30 04:47:09','2022-10-30 04:47:09','2022-10-30 06:58:40'),(128,'Sevilla','2022-10-30 04:47:09','2022-10-30 04:47:09','2022-10-30 06:58:40'),(129,'General Anaya','2022-10-30 04:47:09','2022-10-30 04:47:09','2022-10-30 06:58:40'),(130,'Indios Verdes','2022-10-30 04:47:09','2022-10-30 04:47:09','2022-10-30 06:58:40'),(131,'La Villa - Bas√≠lica','2022-10-30 04:47:09','2022-10-30 04:47:09','2022-10-30 06:58:40'),(132,'Parque de los Venados','2022-10-30 04:47:09','2022-10-30 04:47:09','2022-10-30 06:58:40'),(133,'Juanacatl√°n','2022-10-30 04:47:09','2022-10-30 04:47:09','2022-10-30 06:58:40'),(134,'Nativitas','2022-10-30 04:47:09','2022-10-30 04:47:09','2022-10-30 06:58:40'),(135,'Misterios','2022-10-30 04:47:09','2022-10-30 04:47:09','2022-10-30 06:58:40'),(136,'Barranca del Muerto','2022-10-30 04:47:09','2022-10-30 04:47:09','2022-10-30 06:58:40'),(137,'Miguel √Ångel de Quevedo','2022-10-30 04:47:09','2022-10-30 04:47:09','2022-10-30 06:58:40'),(138,'Lagunilla','2022-10-30 04:47:09','2022-10-30 04:47:09','2022-10-30 06:58:40'),(139,'Olivos','2022-10-30 04:47:09','2022-10-30 04:47:09','2022-10-30 06:58:40'),(140,'Tepalcates','2022-10-30 04:47:09','2022-10-30 04:47:09','2022-10-30 06:58:40'),(141,'Z√≥calo','2022-10-30 04:47:09','2022-10-30 04:47:09','2022-10-30 06:58:40'),(142,'G√≥mez Far√≠as','2022-10-30 04:47:09','2022-10-30 04:47:09','2022-10-30 06:58:40'),(143,'San Pedro de Los Pinos','2022-10-30 04:47:09','2022-10-30 04:47:09','2022-10-30 06:58:40'),(144,'Refiner√≠a','2022-10-30 04:47:09','2022-10-30 04:47:09','2022-10-30 06:58:40'),(145,'Villa de Cort√©s','2022-10-30 04:47:09','2022-10-30 04:47:09','2022-10-30 06:58:40'),(146,'R. Flores Mag√≥n','2022-10-30 04:47:09','2022-10-30 04:47:09','2022-10-30 06:58:40'),(147,'Insurgentes Sur','2022-10-30 04:47:09','2022-10-30 04:47:09','2022-10-30 06:58:40'),(148,'Viveros','2022-10-30 04:47:09','2022-10-30 04:47:09','2022-10-30 06:58:40'),(149,'Cerro de la Estrella','2022-10-30 04:47:09','2022-10-30 04:47:09','2022-10-30 06:58:40'),(150,'Bondojito','2022-10-30 04:47:09','2022-10-30 04:47:09','2022-10-30 06:58:40'),(151,'Canal de San Juan','2022-10-30 04:47:09','2022-10-30 04:47:09','2022-10-30 06:58:40'),(152,'San Antonio Abad','2022-10-30 04:47:09','2022-10-30 04:47:09','2022-10-30 06:58:40'),(153,'Obrera','2022-10-30 04:47:09','2022-10-30 04:47:09','2022-10-30 06:58:40'),(154,'Plaza Arag√≥n','2022-10-30 04:47:09','2022-10-30 04:47:09','2022-10-30 06:58:40'),(155,'Panteones','2022-10-30 04:47:09','2022-10-30 04:47:09','2022-10-30 06:58:40'),(156,'Pe√±√≥n Viejo','2022-10-30 04:47:09','2022-10-30 04:47:09','2022-10-30 06:58:40'),(157,'Divisi√≥n del Norte','2022-10-30 04:47:09','2022-10-30 04:47:09','2022-10-30 06:58:40'),(158,'Cuitl√°huac','2022-10-30 04:47:09','2022-10-30 04:47:09','2022-10-30 06:58:40'),(159,'Ciudad Deportiva','2022-10-30 04:47:09','2022-10-30 04:47:09','2022-10-30 06:58:40'),(160,'Cuatro Caminos','2022-10-30 04:47:09','2022-10-30 04:47:09','2022-10-30 06:58:40'),(161,'Isabel la Cat√≥lica','2022-10-30 04:47:09','2022-10-30 04:47:09','2022-10-30 06:58:40'),(162,'Nezahualc√≥yotl','2022-10-30 04:47:09','2022-10-30 04:47:09','2022-10-30 06:58:40'),(163,'Merced','2022-10-30 04:47:09','2022-10-30 04:47:09','2022-10-30 06:58:40');
/*!40000 ALTER TABLE `stations` ENABLE KEYS */;
UNLOCK TABLES;

--
-- Table structure for table `stations_delete`
--

DROP TABLE IF EXISTS `stations_delete`;
/*!40101 SET @saved_cs_client     = @@character_set_client */;
/*!50503 SET character_set_client = utf8mb4 */;
CREATE TABLE `stations_delete` (
  `id` bigint unsigned NOT NULL AUTO_INCREMENT,
  `name` varchar(50) CHARACTER SET utf8mb4 COLLATE utf8mb4_unicode_ci NOT NULL,
  `created_at` timestamp NOT NULL DEFAULT CURRENT_TIMESTAMP,
  `updated_at` timestamp NOT NULL DEFAULT CURRENT_TIMESTAMP,
  PRIMARY KEY (`id`)
) ENGINE=InnoDB DEFAULT CHARSET=utf8mb4 COLLATE=utf8mb4_unicode_ci;
/*!40101 SET character_set_client = @saved_cs_client */;

--
-- Dumping data for table `stations_delete`
--

LOCK TABLES `stations_delete` WRITE;
/*!40000 ALTER TABLE `stations_delete` DISABLE KEYS */;
/*!40000 ALTER TABLE `stations_delete` ENABLE KEYS */;
UNLOCK TABLES;

--
-- Table structure for table `trains`
--

DROP TABLE IF EXISTS `trains`;
/*!40101 SET @saved_cs_client     = @@character_set_client */;
/*!50503 SET character_set_client = utf8mb4 */;
CREATE TABLE `trains` (
  `serial_number` varchar(10) CHARACTER SET utf8mb4 COLLATE utf8mb4_unicode_ci NOT NULL,
  `line_id` bigint unsigned NOT NULL,
  `type` tinyint NOT NULL,
  `year` int NOT NULL,
  `created_at` timestamp NOT NULL DEFAULT CURRENT_TIMESTAMP,
  `updated_at` timestamp NOT NULL DEFAULT CURRENT_TIMESTAMP,
  PRIMARY KEY (`serial_number`),
  KEY `trains_line_id_foreign` (`line_id`),
  CONSTRAINT `trains_line_id_foreign` FOREIGN KEY (`line_id`) REFERENCES `lines` (`id`)
) ENGINE=InnoDB DEFAULT CHARSET=utf8mb4 COLLATE=utf8mb4_unicode_ci;
/*!40101 SET character_set_client = @saved_cs_client */;

--
-- Dumping data for table `trains`
--

LOCK TABLES `trains` WRITE;
/*!40000 ALTER TABLE `trains` DISABLE KEYS */;
INSERT INTO `trains` VALUES ('0JFxafE4q8',1,1,1963,'2022-10-30 04:46:09','2022-10-30 04:46:09'),('2e5v4FHs0T',3,2,1984,'2022-10-30 04:46:09','2022-10-30 04:46:09'),('5xPdsZ1x9L',3,2,1948,'2022-10-30 04:46:09','2022-10-30 04:46:09'),('7csbz2qteT',1,1,1971,'2022-10-30 04:46:09','2022-10-30 04:46:09'),('8PwCI0CC6n',4,1,1990,'2022-10-30 04:46:09','2022-10-30 04:46:09'),('9ilxeEwlnH',4,2,1994,'2022-10-30 04:46:09','2022-10-30 04:46:09'),('aWDpmlRsOG',4,2,1998,'2022-10-30 04:46:09','2022-10-30 04:46:09'),('ax5jrpNIWG',4,2,1952,'2022-10-30 04:46:09','2022-10-30 04:46:09'),('B83fPCVFbH',1,1,1990,'2022-10-30 04:46:09','2022-10-30 04:46:09'),('Bv1MN0DuUm',2,2,1952,'2022-10-30 04:46:09','2022-10-30 04:46:09'),('D9m2gBhBJw',2,1,1969,'2022-10-30 04:46:09','2022-10-30 04:46:09'),('EDUumFCvJl',2,1,1967,'2022-10-30 04:46:09','2022-10-30 04:46:09'),('ejN3a4CsDC',3,2,1997,'2022-10-30 04:46:09','2022-10-30 04:46:09'),('f49Bk0GzBi',4,2,1967,'2022-10-30 04:46:09','2022-10-30 04:46:09'),('Ge92a6hVX8',3,2,1967,'2022-10-30 04:46:09','2022-10-30 04:46:09'),('Huz9yGcao5',2,1,1980,'2022-10-30 04:46:09','2022-10-30 04:46:09'),('Hvhw9vxUaH',3,1,1983,'2022-10-30 04:46:09','2022-10-30 04:46:09'),('JO5UinVh7B',2,1,1956,'2022-10-30 04:46:09','2022-10-30 04:46:09'),('MPbPGQfWxT',2,2,1982,'2022-10-30 04:46:09','2022-10-30 04:46:09'),('mS0SY0eScA',3,2,1986,'2022-10-30 04:46:09','2022-10-30 04:46:09'),('oCut3fDYXE',3,2,1987,'2022-10-30 04:46:09','2022-10-30 04:46:09'),('oRyT0nwjUn',2,1,1988,'2022-10-30 04:46:09','2022-10-30 04:46:09'),('OtmhQxSRpS',3,2,1956,'2022-10-30 04:46:09','2022-10-30 04:46:09'),('Pazz9JGCbJ',1,2,1988,'2022-10-30 04:46:09','2022-10-30 04:46:09'),('pBnf2N5Ncc',4,1,1981,'2022-10-30 04:46:09','2022-10-30 04:46:09'),('pMldxCQ2sS',3,1,1984,'2022-10-30 04:46:09','2022-10-30 04:46:09'),('q92m0d8aWM',1,1,1979,'2022-10-30 04:46:09','2022-10-30 04:46:09'),('QJ22USb3ry',2,1,1949,'2022-10-30 04:46:09','2022-10-30 04:46:09'),('rnpVQQPs5b',4,1,1984,'2022-10-30 04:46:09','2022-10-30 04:46:09'),('S06Q7kXYrP',1,1,1990,'2022-10-30 04:46:09','2022-10-30 04:46:09'),('s0QypBy7cJ',2,2,1958,'2022-10-30 04:46:09','2022-10-30 04:46:09'),('S6R4dX4THI',2,2,1994,'2022-10-30 04:46:09','2022-10-30 04:46:09'),('t8HhPpvYbU',1,2,1996,'2022-10-30 04:46:09','2022-10-30 04:46:09'),('U9xuOQl3kh',3,1,1982,'2022-10-30 04:46:09','2022-10-30 04:46:09'),('uibQ7F5VE7',4,1,1961,'2022-10-30 04:46:09','2022-10-30 04:46:09'),('Uj5G2Bodtk',4,2,1985,'2022-10-30 04:46:09','2022-10-30 04:46:09'),('VjPElNnH29',3,2,1964,'2022-10-30 04:46:09','2022-10-30 04:46:09'),('vOv1sCgHoa',1,1,1947,'2022-10-30 04:46:09','2022-10-30 04:46:09'),('VViBQInzq3',4,2,1959,'2022-10-30 04:46:09','2022-10-30 04:46:09'),('wGweNe36QH',1,2,1987,'2022-10-30 04:46:09','2022-10-30 04:46:09'),('Wh09mwE4yn',4,1,1968,'2022-10-30 04:46:09','2022-10-30 04:46:09'),('XE89MYo0IU',3,1,1986,'2022-10-30 04:46:09','2022-10-30 04:46:09'),('Z5qAgGpFTj',1,1,1971,'2022-10-30 04:46:09','2022-10-30 04:46:09'),('ZbX2yY5Wyz',1,2,1966,'2022-10-30 04:46:09','2022-10-30 04:46:09'),('zeaEgOCuYl',2,2,1997,'2022-10-30 04:46:09','2022-10-30 04:46:09'),('ZHA4kQokXG',2,1,1977,'2022-10-30 04:46:09','2022-10-30 04:46:09'),('zpO3I3tS4e',1,2,1995,'2022-10-30 04:46:09','2022-10-30 04:46:09'),('zpYnPq7vmN',4,2,1976,'2022-10-30 04:46:09','2022-10-30 04:46:09');
/*!40000 ALTER TABLE `trains` ENABLE KEYS */;
UNLOCK TABLES;
/*!40103 SET TIME_ZONE=@OLD_TIME_ZONE */;

/*!40101 SET SQL_MODE=@OLD_SQL_MODE */;
/*!40014 SET FOREIGN_KEY_CHECKS=@OLD_FOREIGN_KEY_CHECKS */;
/*!40014 SET UNIQUE_CHECKS=@OLD_UNIQUE_CHECKS */;
/*!40101 SET CHARACTER_SET_CLIENT=@OLD_CHARACTER_SET_CLIENT */;
/*!40101 SET CHARACTER_SET_RESULTS=@OLD_CHARACTER_SET_RESULTS */;
/*!40101 SET COLLATION_CONNECTION=@OLD_COLLATION_CONNECTION */;
/*!40111 SET SQL_NOTES=@OLD_SQL_NOTES */;

-- Dump completed on 2023-02-21 14:32:03
